-- phpMyAdmin SQL Dump
-- version 4.6.5.2
-- https://www.phpmyadmin.net/
--
-- Servidor: 127.0.0.1
-- Tiempo de generación: 02-04-2018 a las 07:24:36
-- Versión del servidor: 10.1.21-MariaDB
-- Versión de PHP: 5.6.30

SET SQL_MODE = "NO_AUTO_VALUE_ON_ZERO";
SET time_zone = "+00:00";


/*!40101 SET @OLD_CHARACTER_SET_CLIENT=@@CHARACTER_SET_CLIENT */;
/*!40101 SET @OLD_CHARACTER_SET_RESULTS=@@CHARACTER_SET_RESULTS */;
/*!40101 SET @OLD_COLLATION_CONNECTION=@@COLLATION_CONNECTION */;
/*!40101 SET NAMES utf8mb4 */;

--
-- Base de datos: `db_teoria`
--
CREATE DATABASE IF NOT EXISTS `db_teoria` DEFAULT CHARACTER SET latin1 COLLATE latin1_swedish_ci;
USE `db_teoria`;

-- --------------------------------------------------------

--
-- Estructura de tabla para la tabla `actividades`
--

DROP TABLE IF EXISTS `actividades`;
CREATE TABLE IF NOT EXISTS `actividades` (
  `id_record` int(11) NOT NULL AUTO_INCREMENT,
  `id_modulo` int(11) DEFAULT NULL,
  `id_orden` int(11) DEFAULT NULL,
  `id_problema` int(11) DEFAULT NULL,
  `id_operacion` int(11) DEFAULT NULL,
  `tiempo` varchar(50) DEFAULT NULL,
  `ejecucion` int(11) DEFAULT NULL,
  `active` tinyint(1) DEFAULT '1',
  PRIMARY KEY (`id_record`),
  UNIQUE KEY `actividades_id_record_uindex` (`id_record`),
  KEY `actividades_ordenes_id_record_fk` (`id_orden`),
  KEY `actividades_operacion_id_record_fk` (`id_operacion`)
) ENGINE=InnoDB AUTO_INCREMENT=48302 DEFAULT CHARSET=latin1;

--
-- Volcado de datos para la tabla `actividades`
--

INSERT INTO `actividades` (`id_record`, `id_modulo`, `id_orden`, `id_problema`, `id_operacion`, `tiempo`, `ejecucion`, `active`) VALUES
(43348, 1, 9320, 0, 1, '22', 1, 1),
(43349, 1, 9320, 13, 2, '64.4', 1, 1),
(43350, 1, 9320, 9, 3, '11', 1, 1),
(43351, 1, 9320, 0, 4, '24', 1, 1),
(43352, 1, 9320, 21, 5, '26', 1, 1),
(43353, 1, 9320, 22, 6, '21', 1, 1),
(43354, 2, 9321, 6, 1, '27', 1, 1),
(43355, 2, 9321, 23, 2, '16', 1, 1),
(43356, 2, 9321, 0, 3, '6', 1, 1),
(43357, 2, 9321, 17, 4, '46.4', 1, 1),
(43358, 2, 9321, 21, 5, '27', 1, 1),
(43359, 2, 9321, 22, 6, '13', 1, 1),
(43360, 3, 9322, 0, 1, '8', 1, 1),
(43361, 3, 9322, 0, 2, '7', 1, 1),
(43362, 3, 9322, 0, 3, '20', 1, 1),
(43363, 3, 9322, 24, 4, '11', 1, 1),
(43364, 4, 9323, 6, 1, '10', 1, 1),
(43365, 4, 9323, 13, 2, '172.2', 1, 1),
(43366, 4, 9323, 0, 3, '28', 1, 1),
(43367, 4, 9323, 17, 4, '40.9', 1, 1),
(43368, 4, 9323, 0, 5, '14', 1, 1),
(43369, 4, 9323, 22, 6, '28', 1, 1),
(43370, 5, 9324, 0, 1, '6', 1, 1),
(43371, 5, 9324, 0, 2, '66.5', 1, 1),
(43372, 5, 9324, 9, 3, '86.9', 1, 1),
(43373, 5, 9324, 0, 4, '17', 1, 1),
(43374, 5, 9324, 0, 5, '23', 1, 1),
(43375, 5, 9324, 22, 6, '59.6', 1, 1),
(43376, 6, 9325, 1, 1, '10', 1, 1),
(43377, 6, 9325, 0, 2, '35', 1, 1),
(43378, 6, 9325, 0, 3, '28', 1, 1),
(43379, 6, 9325, 24, 4, '19', 1, 1),
(43380, 7, 9326, 6, 1, '7', 1, 1),
(43381, 7, 9326, 24, 2, '5', 1, 1),
(43382, 8, 9327, 6, 1, '24', 1, 1),
(43383, 8, 9327, 13, 2, '19', 1, 1),
(43384, 8, 9327, 24, 3, '17', 1, 1),
(43385, 9, 9328, 6, 1, '27', 1, 1),
(43386, 9, 9328, 23, 2, '7', 1, 1),
(43387, 9, 9328, 9, 3, '22', 1, 1),
(43388, 9, 9328, 0, 4, '29', 1, 1),
(43389, 9, 9328, 21, 5, '30', 1, 1),
(43390, 9, 9328, 22, 6, '13', 1, 1),
(43391, 1, 9329, 1, 1, '11', 1, 1),
(43392, 1, 9329, 0, 2, '13', 1, 1),
(43393, 1, 9329, 9, 3, '20', 1, 1),
(43394, 1, 9329, 0, 4, '21', 1, 1),
(43395, 1, 9329, 21, 5, '18', 1, 1),
(43396, 1, 9329, 0, 6, '40.3', 1, 1),
(43397, 2, 9330, 0, 1, '7', 1, 1),
(43398, 2, 9330, 13, 2, '24', 1, 1),
(43399, 2, 9330, 9, 3, '7', 1, 1),
(43400, 2, 9330, 0, 4, '27', 1, 1),
(43401, 2, 9330, 21, 5, '18', 1, 1),
(43402, 2, 9330, 0, 6, '21', 1, 1),
(43403, 3, 9331, 24, 1, '32', 1, 1),
(43404, 3, 9331, 13, 2, '84.8', 1, 1),
(43405, 3, 9331, 0, 3, '33', 1, 1),
(43406, 3, 9331, 17, 4, '26', 1, 1),
(43407, 3, 9331, 21, 5, '7', 1, 1),
(43408, 3, 9331, 22, 6, '10', 1, 1),
(43409, 4, 9332, 6, 1, '22', 1, 1),
(43410, 4, 9332, 0, 2, '14', 1, 1),
(43411, 4, 9332, 9, 3, '6', 1, 1),
(43412, 4, 9332, 0, 4, '30', 1, 1),
(43413, 4, 9332, 21, 5, '14', 1, 1),
(43414, 4, 9332, 0, 6, '227.7', 1, 1),
(43415, 5, 9333, 24, 1, '6', 1, 1),
(43416, 5, 9333, 23, 2, '15', 1, 1),
(43417, 5, 9333, 9, 3, '21', 1, 1),
(43418, 5, 9333, 0, 4, '19', 1, 1),
(43419, 5, 9333, 24, 5, '20', 1, 1),
(43420, 6, 9334, 1, 1, '16', 1, 1),
(43421, 6, 9334, 13, 2, '35', 1, 1),
(43422, 6, 9334, 9, 3, '28', 1, 1),
(43423, 6, 9334, 17, 4, '16', 1, 1),
(43424, 6, 9334, 24, 5, '6', 1, 1),
(43425, 7, 9335, 6, 1, '7', 1, 1),
(43426, 7, 9335, 0, 2, '25', 1, 1),
(43427, 7, 9335, 0, 3, '28', 1, 1),
(43428, 7, 9335, 0, 4, '16', 1, 1),
(43429, 7, 9335, 0, 5, '10', 1, 1),
(43430, 7, 9335, 0, 6, '74.2', 1, 1),
(43431, 8, 9336, 0, 1, '31', 1, 1),
(43432, 8, 9336, 23, 2, '28', 1, 1),
(43433, 8, 9336, 9, 3, '6', 1, 1),
(43434, 8, 9336, 0, 4, '22', 1, 1),
(43435, 8, 9336, 0, 5, '26', 1, 1),
(43436, 8, 9336, 22, 6, '11', 1, 1),
(43437, 9, 9337, 0, 1, '21', 1, 1),
(43438, 9, 9337, 23, 2, '19', 1, 1),
(43439, 9, 9337, 9, 3, '175', 1, 1),
(43440, 9, 9337, 17, 4, '7', 1, 1),
(43441, 9, 9337, 0, 5, '54.3', 1, 1),
(43442, 9, 9337, 22, 6, '31', 1, 1),
(43443, 1, 9338, 0, 1, '10', 1, 1),
(43444, 1, 9338, 13, 2, '6', 1, 1),
(43445, 1, 9338, 0, 3, '12', 1, 1),
(43446, 1, 9338, 17, 4, '10', 1, 1),
(43447, 1, 9338, 0, 5, '25', 1, 1),
(43448, 1, 9338, 22, 6, '6', 1, 1),
(43449, 2, 9339, 6, 1, '10', 1, 1),
(43450, 2, 9339, 13, 2, '19.7', 1, 1),
(43451, 2, 9339, 24, 3, '31', 1, 1),
(43452, 3, 9340, 0, 1, '24', 1, 1),
(43453, 3, 9340, 13, 2, '5', 1, 1),
(43454, 3, 9340, 0, 3, '18', 1, 1),
(43455, 3, 9340, 17, 4, '30', 1, 1),
(43456, 3, 9340, 21, 5, '26', 1, 1),
(43457, 3, 9340, 22, 6, '35', 1, 1),
(43458, 4, 9341, 24, 1, '11', 1, 1),
(43459, 4, 9341, 13, 2, '13', 1, 1),
(43460, 4, 9341, 24, 3, '27', 1, 1),
(43461, 5, 9342, 1, 1, '35', 1, 1),
(43462, 5, 9342, 23, 2, '5', 1, 1),
(43463, 5, 9342, 0, 3, '13.5', 1, 1),
(43464, 5, 9342, 0, 4, '9', 1, 1),
(43465, 5, 9342, 0, 5, '7', 1, 1),
(43466, 5, 9342, 22, 6, '15', 1, 1),
(43467, 6, 9343, 24, 1, '20', 1, 1),
(43468, 6, 9343, 24, 2, '25', 1, 1),
(43469, 7, 9344, 1, 1, '31.2', 1, 1),
(43470, 7, 9344, 23, 2, '10', 1, 1),
(43471, 7, 9344, 9, 3, '6', 1, 1),
(43472, 7, 9344, 17, 4, '166', 1, 1),
(43473, 7, 9344, 0, 5, '5', 1, 1),
(43474, 7, 9344, 22, 6, '30', 1, 1),
(43475, 8, 9345, 1, 1, '19', 1, 1),
(43476, 8, 9345, 13, 2, '33', 1, 1),
(43477, 8, 9345, 24, 3, '25', 1, 1),
(43478, 9, 9346, 6, 1, '35', 1, 1),
(43479, 9, 9346, 13, 2, '22', 1, 1),
(43480, 9, 9346, 9, 3, '31', 1, 1),
(43481, 9, 9346, 0, 4, '13', 1, 1),
(43482, 9, 9346, 21, 5, '126', 1, 1),
(43483, 9, 9346, 0, 6, '25.2', 1, 1),
(43484, 1, 9347, 24, 1, '6', 1, 1),
(43485, 1, 9347, 13, 2, '20.5', 1, 1),
(43486, 1, 9347, 0, 3, '9', 1, 1),
(43487, 1, 9347, 0, 4, '22', 1, 1),
(43488, 1, 9347, 0, 5, '46.6', 1, 1),
(43489, 1, 9347, 22, 6, '33', 1, 1),
(43490, 2, 9348, 24, 1, '43.6', 1, 1),
(43491, 2, 9348, 0, 2, '27', 1, 1),
(43492, 2, 9348, 9, 3, '19', 1, 1),
(43493, 2, 9348, 24, 4, '32', 1, 1),
(43494, 3, 9349, 1, 1, '22', 1, 1),
(43495, 3, 9349, 13, 2, '15', 1, 1),
(43496, 3, 9349, 0, 3, '27', 1, 1),
(43497, 3, 9349, 24, 4, '10', 1, 1),
(43498, 4, 9350, 6, 1, '19.2', 1, 1),
(43499, 4, 9350, 13, 2, '28', 1, 1),
(43500, 4, 9350, 0, 3, '15.4', 1, 1),
(43501, 4, 9350, 0, 4, '7', 1, 1),
(43502, 4, 9350, 0, 5, '24', 1, 1),
(43503, 4, 9350, 0, 6, '15', 1, 1),
(43504, 5, 9351, 6, 1, '82.9', 1, 1),
(43505, 5, 9351, 13, 2, '7', 1, 1),
(43506, 5, 9351, 9, 3, '21.5', 1, 1),
(43507, 5, 9351, 0, 4, '7', 1, 1),
(43508, 5, 9351, 21, 5, '22', 1, 1),
(43509, 5, 9351, 22, 6, '86', 1, 1),
(43510, 6, 9352, 1, 1, '18', 1, 1),
(43511, 6, 9352, 23, 2, '22.3', 1, 1),
(43512, 6, 9352, 24, 3, '26', 1, 1),
(43513, 7, 9353, 1, 1, '29', 1, 1),
(43514, 7, 9353, 13, 2, '7', 1, 1),
(43515, 7, 9353, 0, 3, '17', 1, 1),
(43516, 7, 9353, 0, 4, '18', 1, 1),
(43517, 7, 9353, 0, 5, '18', 1, 1),
(43518, 7, 9353, 22, 6, '7', 1, 1),
(43519, 8, 9354, 24, 1, '25', 1, 1),
(43520, 8, 9354, 0, 2, '29', 1, 1),
(43521, 8, 9354, 9, 3, '29', 1, 1),
(43522, 8, 9354, 17, 4, '14', 1, 1),
(43523, 8, 9354, 21, 5, '51.5', 1, 1),
(43524, 8, 9354, 22, 6, '35', 1, 1),
(43525, 9, 9355, 0, 1, '29', 1, 1),
(43526, 9, 9355, 13, 2, '26', 1, 1),
(43527, 9, 9355, 9, 3, '26', 1, 1),
(43528, 9, 9355, 17, 4, '10', 1, 1),
(43529, 9, 9355, 21, 5, '119.7', 1, 1),
(43530, 9, 9355, 0, 6, '26', 1, 1),
(43531, 1, 9356, 0, 1, '11', 1, 1),
(43532, 1, 9356, 23, 2, '10', 1, 1),
(43533, 1, 9356, 0, 3, '14', 1, 1),
(43534, 1, 9356, 0, 4, '30', 1, 1),
(43535, 1, 9356, 21, 5, '19', 1, 1),
(43536, 1, 9356, 22, 6, '17', 1, 1),
(43537, 2, 9357, 6, 1, '17', 1, 1),
(43538, 2, 9357, 0, 2, '61.3', 1, 1),
(43539, 2, 9357, 0, 3, '22', 1, 1),
(43540, 2, 9357, 0, 4, '7', 1, 1),
(43541, 2, 9357, 21, 5, '11', 1, 1),
(43542, 2, 9357, 0, 6, '33', 1, 1),
(43543, 3, 9358, 24, 1, '24', 1, 1),
(43544, 3, 9358, 0, 2, '15', 1, 1),
(43545, 3, 9358, 9, 3, '21', 1, 1),
(43546, 3, 9358, 0, 4, '9', 1, 1),
(43547, 3, 9358, 21, 5, '206.7', 1, 1),
(43548, 3, 9358, 0, 6, '5', 1, 1),
(43549, 4, 9359, 24, 1, '21', 1, 1),
(43550, 4, 9359, 13, 2, '24', 1, 1),
(43551, 4, 9359, 0, 3, '21', 1, 1),
(43552, 4, 9359, 0, 4, '5', 1, 1),
(43553, 4, 9359, 0, 5, '12', 1, 1),
(43554, 4, 9359, 0, 6, '34', 1, 1),
(43555, 5, 9360, 6, 1, '43.6', 1, 1),
(43556, 5, 9360, 0, 2, '12', 1, 1),
(43557, 5, 9360, 9, 3, '37.6', 1, 1),
(43558, 5, 9360, 0, 4, '33', 1, 1),
(43559, 5, 9360, 21, 5, '23', 1, 1),
(43560, 5, 9360, 0, 6, '30', 1, 1),
(43561, 6, 9361, 1, 1, '55.6', 1, 1),
(43562, 6, 9361, 23, 2, '23', 1, 1),
(43563, 6, 9361, 0, 3, '22', 1, 1),
(43564, 6, 9361, 0, 4, '14', 1, 1),
(43565, 6, 9361, 21, 5, '32.4', 1, 1),
(43566, 6, 9361, 0, 6, '8.1', 1, 1),
(43567, 7, 9362, 1, 1, '53.5', 1, 1),
(43568, 7, 9362, 23, 2, '31', 1, 1),
(43569, 7, 9362, 9, 3, '10', 1, 1),
(43570, 7, 9362, 0, 4, '23', 1, 1),
(43571, 7, 9362, 21, 5, '33', 1, 1),
(43572, 7, 9362, 22, 6, '13', 1, 1),
(43573, 8, 9363, 6, 1, '19', 1, 1),
(43574, 8, 9363, 23, 2, '24', 1, 1),
(43575, 8, 9363, 9, 3, '22', 1, 1),
(43576, 8, 9363, 17, 4, '18', 1, 1),
(43577, 8, 9363, 0, 5, '34', 1, 1),
(43578, 8, 9363, 22, 6, '17', 1, 1),
(43579, 9, 9364, 6, 1, '18', 1, 1),
(43580, 9, 9364, 13, 2, '13', 1, 1),
(43581, 9, 9364, 9, 3, '26', 1, 1),
(43582, 9, 9364, 0, 4, '31', 1, 1),
(43583, 9, 9364, 0, 5, '20', 1, 1),
(43584, 9, 9364, 24, 6, '31', 1, 1),
(43585, 1, 9365, 6, 1, '25', 1, 1),
(43586, 1, 9365, 0, 2, '23', 1, 1),
(43587, 1, 9365, 9, 3, '67.5', 1, 1),
(43588, 1, 9365, 17, 4, '9', 1, 1),
(43589, 1, 9365, 21, 5, '44.3', 1, 1),
(43590, 1, 9365, 0, 6, '21', 1, 1),
(43591, 2, 9366, 0, 1, '19', 1, 1),
(43592, 2, 9366, 0, 2, '6', 1, 1),
(43593, 2, 9366, 9, 3, '17', 1, 1),
(43594, 2, 9366, 0, 4, '7', 1, 1),
(43595, 2, 9366, 21, 5, '17.5', 1, 1),
(43596, 2, 9366, 0, 6, '31.2', 1, 1),
(43597, 3, 9367, 0, 1, '45.5', 1, 1),
(43598, 3, 9367, 0, 2, '32', 1, 1),
(43599, 3, 9367, 0, 3, '13.6', 1, 1),
(43600, 3, 9367, 0, 4, '18', 1, 1),
(43601, 3, 9367, 21, 5, '20', 1, 1),
(43602, 3, 9367, 22, 6, '15', 1, 1),
(43603, 4, 9368, 24, 1, '6', 1, 1),
(43604, 4, 9368, 13, 2, '496.9', 1, 1),
(43605, 4, 9368, 24, 3, '7', 1, 1),
(43606, 5, 9369, 24, 1, '32', 1, 1),
(43607, 5, 9369, 23, 2, '13', 1, 1),
(43608, 5, 9369, 9, 3, '12', 1, 1),
(43609, 5, 9369, 24, 4, '5', 1, 1),
(43610, 6, 9370, 1, 1, '25', 1, 1),
(43611, 6, 9370, 13, 2, '29', 1, 1),
(43612, 6, 9370, 0, 3, '22', 1, 1),
(43613, 6, 9370, 0, 4, '25', 1, 1),
(43614, 6, 9370, 0, 5, '8', 1, 1),
(43615, 6, 9370, 22, 6, '9', 1, 1),
(43616, 7, 9371, 1, 1, '9', 1, 1),
(43617, 7, 9371, 23, 2, '35.4', 1, 1),
(43618, 7, 9371, 0, 3, '33', 1, 1),
(43619, 7, 9371, 0, 4, '19', 1, 1),
(43620, 7, 9371, 0, 5, '7', 1, 1),
(43621, 7, 9371, 0, 6, '15', 1, 1),
(43622, 8, 9372, 24, 1, '16', 1, 1),
(43623, 9, 9373, 6, 1, '12', 1, 1),
(43624, 9, 9373, 13, 2, '10', 1, 1),
(43625, 9, 9373, 0, 3, '15', 1, 1),
(43626, 9, 9373, 0, 4, '11', 1, 1),
(43627, 9, 9373, 0, 5, '29', 1, 1),
(43628, 9, 9373, 22, 6, '34.8', 1, 1),
(43629, 1, 9374, 1, 1, '6', 1, 1),
(43630, 1, 9374, 0, 2, '15', 1, 1),
(43631, 1, 9374, 0, 3, '21', 1, 1),
(43632, 1, 9374, 17, 4, '33.6', 1, 1),
(43633, 1, 9374, 0, 5, '16', 1, 1),
(43634, 1, 9374, 0, 6, '13', 1, 1),
(43635, 2, 9375, 6, 1, '8', 1, 1),
(43636, 2, 9375, 0, 2, '30', 1, 1),
(43637, 2, 9375, 0, 3, '32', 1, 1),
(43638, 2, 9375, 17, 4, '12', 1, 1),
(43639, 2, 9375, 0, 5, '16', 1, 1),
(43640, 2, 9375, 22, 6, '13', 1, 1),
(43641, 3, 9376, 6, 1, '16', 1, 1),
(43642, 3, 9376, 13, 2, '25.6', 1, 1),
(43643, 3, 9376, 9, 3, '31', 1, 1),
(43644, 3, 9376, 0, 4, '20', 1, 1),
(43645, 3, 9376, 21, 5, '29', 1, 1),
(43646, 3, 9376, 22, 6, '18', 1, 1),
(43647, 4, 9377, 24, 1, '28.7', 1, 1),
(43648, 4, 9377, 0, 2, '12', 1, 1),
(43649, 4, 9377, 0, 3, '32', 1, 1),
(43650, 4, 9377, 17, 4, '34', 1, 1),
(43651, 4, 9377, 21, 5, '16', 1, 1),
(43652, 4, 9377, 0, 6, '36.3', 1, 1),
(43653, 5, 9378, 0, 1, '27.6', 1, 1),
(43654, 5, 9378, 13, 2, '26', 1, 1),
(43655, 5, 9378, 0, 3, '5', 1, 1),
(43656, 5, 9378, 17, 4, '5', 1, 1),
(43657, 5, 9378, 21, 5, '10', 1, 1),
(43658, 5, 9378, 0, 6, '19', 1, 1),
(43659, 6, 9379, 6, 1, '15', 1, 1),
(43660, 6, 9379, 23, 2, '96', 1, 1),
(43661, 6, 9379, 0, 3, '5', 1, 1),
(43662, 6, 9379, 17, 4, '5', 1, 1),
(43663, 6, 9379, 24, 5, '5', 1, 1),
(43664, 7, 9380, 24, 1, '7', 1, 1),
(43665, 8, 9381, 0, 1, '13', 1, 1),
(43666, 8, 9381, 13, 2, '17', 1, 1),
(43667, 8, 9381, 0, 3, '32', 1, 1),
(43668, 8, 9381, 0, 4, '31.9', 1, 1),
(43669, 8, 9381, 0, 5, '21', 1, 1),
(43670, 8, 9381, 0, 6, '27', 1, 1),
(43671, 9, 9382, 0, 1, '27', 1, 1),
(43672, 9, 9382, 23, 2, '10', 1, 1),
(43673, 9, 9382, 9, 3, '15', 1, 1),
(43674, 9, 9382, 17, 4, '33', 1, 1),
(43675, 9, 9382, 0, 5, '9', 1, 1),
(43676, 9, 9382, 0, 6, '32.3', 1, 1),
(43677, 1, 9383, 1, 1, '34.5', 1, 1),
(43678, 1, 9383, 0, 2, '14', 1, 1),
(43679, 1, 9383, 9, 3, '20', 1, 1),
(43680, 1, 9383, 24, 4, '9', 1, 1),
(43681, 2, 9384, 24, 1, '33', 1, 1),
(43682, 2, 9384, 0, 2, '15', 1, 1),
(43683, 2, 9384, 9, 3, '76.4', 1, 1),
(43684, 2, 9384, 0, 4, '13', 1, 1),
(43685, 2, 9384, 21, 5, '9', 1, 1),
(43686, 2, 9384, 24, 6, '28', 1, 1),
(43687, 3, 9385, 1, 1, '54', 1, 1),
(43688, 3, 9385, 24, 2, '21', 1, 1),
(43689, 4, 9386, 24, 1, '5', 1, 1),
(43690, 4, 9386, 24, 2, '5', 1, 1),
(43691, 5, 9387, 6, 1, '9', 1, 1),
(43692, 5, 9387, 0, 2, '31.2', 1, 1),
(43693, 5, 9387, 9, 3, '33', 1, 1),
(43694, 5, 9387, 0, 4, '27', 1, 1),
(43695, 5, 9387, 21, 5, '18', 1, 1),
(43696, 5, 9387, 22, 6, '5', 1, 1),
(43697, 6, 9388, 0, 1, '33', 1, 1),
(43698, 6, 9388, 0, 2, '10', 1, 1),
(43699, 6, 9388, 0, 3, '10', 1, 1),
(43700, 6, 9388, 17, 4, '34', 1, 1),
(43701, 6, 9388, 21, 5, '139.4', 1, 1),
(43702, 6, 9388, 22, 6, '28', 1, 1),
(43703, 7, 9389, 24, 1, '31', 1, 1),
(43704, 7, 9389, 23, 2, '16', 1, 1),
(43705, 7, 9389, 0, 3, '21', 1, 1),
(43706, 7, 9389, 0, 4, '6', 1, 1),
(43707, 7, 9389, 0, 5, '9.7', 1, 1),
(43708, 7, 9389, 22, 6, '29', 1, 1),
(43709, 8, 9390, 0, 1, '14', 1, 1),
(43710, 8, 9390, 23, 2, '12', 1, 1),
(43711, 8, 9390, 24, 3, '22', 1, 1),
(43712, 9, 9391, 6, 1, '32', 1, 1),
(43713, 9, 9391, 13, 2, '29', 1, 1),
(43714, 9, 9391, 9, 3, '34.4', 1, 1),
(43715, 9, 9391, 17, 4, '22', 1, 1),
(43716, 9, 9391, 0, 5, '23', 1, 1),
(43717, 9, 9391, 0, 6, '16', 1, 1),
(43718, 1, 9392, 1, 1, '35', 1, 1),
(43719, 1, 9392, 13, 2, '35', 1, 1),
(43720, 1, 9392, 0, 3, '20', 1, 1),
(43721, 1, 9392, 0, 4, '8', 1, 1),
(43722, 1, 9392, 21, 5, '33', 1, 1),
(43723, 1, 9392, 0, 6, '20', 1, 1),
(43724, 2, 9393, 0, 1, '35', 1, 1),
(43725, 2, 9393, 23, 2, '33', 1, 1),
(43726, 2, 9393, 0, 3, '18', 1, 1),
(43727, 2, 9393, 17, 4, '65', 1, 1),
(43728, 2, 9393, 21, 5, '21', 1, 1),
(43729, 2, 9393, 0, 6, '12', 1, 1),
(43730, 3, 9394, 1, 1, '5', 1, 1),
(43731, 3, 9394, 23, 2, '31.6', 1, 1),
(43732, 3, 9394, 0, 3, '31', 1, 1),
(43733, 3, 9394, 24, 4, '13', 1, 1),
(43734, 4, 9395, 6, 1, '18', 1, 1),
(43735, 4, 9395, 23, 2, '18.4', 1, 1),
(43736, 4, 9395, 24, 3, '16', 1, 1),
(43737, 5, 9396, 1, 1, '23', 1, 1),
(43738, 5, 9396, 24, 2, '21', 1, 1),
(43739, 6, 9397, 24, 1, '7', 1, 1),
(43740, 6, 9397, 0, 2, '6', 1, 1),
(43741, 6, 9397, 0, 3, '64.4', 1, 1),
(43742, 6, 9397, 17, 4, '31', 1, 1),
(43743, 6, 9397, 21, 5, '33', 1, 1),
(43744, 6, 9397, 22, 6, '9.4', 1, 1),
(43745, 7, 9398, 6, 1, '26', 1, 1),
(43746, 7, 9398, 13, 2, '15', 1, 1),
(43747, 7, 9398, 9, 3, '25', 1, 1),
(43748, 7, 9398, 0, 4, '8', 1, 1),
(43749, 7, 9398, 21, 5, '27', 1, 1),
(43750, 7, 9398, 22, 6, '52.5', 1, 1),
(43751, 8, 9399, 24, 1, '28', 1, 1),
(43752, 8, 9399, 23, 2, '28', 1, 1),
(43753, 8, 9399, 9, 3, '22', 1, 1),
(43754, 8, 9399, 0, 4, '16', 1, 1),
(43755, 8, 9399, 0, 5, '33', 1, 1),
(43756, 8, 9399, 22, 6, '17', 1, 1),
(43757, 9, 9400, 24, 1, '22', 1, 1),
(43758, 1, 9401, 6, 1, '6', 2, 1),
(43759, 1, 9401, 0, 2, '20', 2, 1),
(43760, 1, 9401, 9, 3, '35', 2, 1),
(43761, 1, 9401, 17, 4, '24', 2, 1),
(43762, 1, 9401, 0, 5, '19', 2, 1),
(43763, 1, 9401, 22, 6, '49.5', 2, 1),
(43764, 2, 9402, 24, 1, '16', 2, 1),
(43765, 2, 9402, 0, 2, '18', 2, 1),
(43766, 2, 9402, 0, 3, '33', 2, 1),
(43767, 2, 9402, 0, 4, '17', 2, 1),
(43768, 2, 9402, 0, 5, '25', 2, 1),
(43769, 2, 9402, 22, 6, '34', 2, 1),
(43770, 3, 9403, 1, 1, '35', 2, 1),
(43771, 3, 9403, 23, 2, '32', 2, 1),
(43772, 3, 9403, 9, 3, '7', 2, 1),
(43773, 3, 9403, 17, 4, '20', 2, 1),
(43774, 3, 9403, 21, 5, '17', 2, 1),
(43775, 3, 9403, 22, 6, '31.5', 2, 1),
(43776, 4, 9404, 1, 1, '15', 2, 1),
(43777, 4, 9404, 23, 2, '24', 2, 1),
(43778, 4, 9404, 9, 3, '50.4', 2, 1),
(43779, 4, 9404, 17, 4, '9', 2, 1),
(43780, 4, 9404, 21, 5, '15', 2, 1),
(43781, 4, 9404, 0, 6, '29', 2, 1),
(43782, 5, 9405, 1, 1, '11', 2, 1),
(43783, 5, 9405, 13, 2, '7', 2, 1),
(43784, 5, 9405, 9, 3, '5', 2, 1),
(43785, 5, 9405, 17, 4, '27', 2, 1),
(43786, 5, 9405, 0, 5, '20', 2, 1),
(43787, 5, 9405, 22, 6, '42.2', 2, 1),
(43788, 6, 9406, 24, 1, '21', 2, 1),
(43789, 6, 9406, 0, 2, '21', 2, 1),
(43790, 6, 9406, 0, 3, '20', 2, 1),
(43791, 6, 9406, 0, 4, '10', 2, 1),
(43792, 6, 9406, 0, 5, '32', 2, 1),
(43793, 6, 9406, 24, 6, '25', 2, 1),
(43794, 7, 9407, 0, 1, '19', 2, 1),
(43795, 7, 9407, 24, 2, '10', 2, 1),
(43796, 8, 9408, 6, 1, '27', 2, 1),
(43797, 8, 9408, 13, 2, '31', 2, 1),
(43798, 8, 9408, 0, 3, '23', 2, 1),
(43799, 8, 9408, 24, 4, '25', 2, 1),
(43800, 9, 9409, 24, 1, '24', 2, 1),
(43801, 9, 9409, 23, 2, '35', 2, 1),
(43802, 9, 9409, 9, 3, '32', 2, 1),
(43803, 9, 9409, 0, 4, '7', 2, 1),
(43804, 9, 9409, 21, 5, '14', 2, 1),
(43805, 9, 9409, 22, 6, '35', 2, 1),
(43806, 1, 9410, 0, 1, '26', 2, 1),
(43807, 1, 9410, 0, 2, '14', 2, 1),
(43808, 1, 9410, 9, 3, '10', 2, 1),
(43809, 1, 9410, 0, 4, '25', 2, 1),
(43810, 1, 9410, 21, 5, '27', 2, 1),
(43811, 1, 9410, 22, 6, '8', 2, 1),
(43812, 2, 9411, 0, 1, '22', 2, 1),
(43813, 2, 9411, 0, 2, '29', 2, 1),
(43814, 2, 9411, 24, 3, '7', 2, 1),
(43815, 3, 9412, 1, 1, '5', 2, 1),
(43816, 3, 9412, 23, 2, '17', 2, 1),
(43817, 3, 9412, 24, 3, '6', 2, 1),
(43818, 4, 9413, 24, 1, '22', 2, 1),
(43819, 4, 9413, 0, 2, '16', 2, 1),
(43820, 4, 9413, 0, 3, '19', 2, 1),
(43821, 4, 9413, 24, 4, '32', 2, 1),
(43822, 5, 9414, 0, 1, '28', 2, 1),
(43823, 5, 9414, 13, 2, '23', 2, 1),
(43824, 5, 9414, 9, 3, '5', 2, 1),
(43825, 5, 9414, 0, 4, '17', 2, 1),
(43826, 5, 9414, 0, 5, '35', 2, 1),
(43827, 5, 9414, 22, 6, '6', 2, 1),
(43828, 6, 9415, 24, 1, '5', 2, 1),
(43829, 6, 9415, 13, 2, '30.5', 2, 1),
(43830, 6, 9415, 9, 3, '14', 2, 1),
(43831, 6, 9415, 24, 4, '34', 2, 1),
(43832, 7, 9416, 6, 1, '11', 2, 1),
(43833, 7, 9416, 23, 2, '10', 2, 1),
(43834, 7, 9416, 9, 3, '33', 2, 1),
(43835, 7, 9416, 0, 4, '14', 2, 1),
(43836, 7, 9416, 21, 5, '13', 2, 1),
(43837, 7, 9416, 22, 6, '8', 2, 1),
(43838, 8, 9417, 24, 1, '13', 2, 1),
(43839, 9, 9418, 24, 1, '21', 2, 1),
(43840, 9, 9418, 23, 2, '95.5', 2, 1),
(43841, 9, 9418, 9, 3, '24', 2, 1),
(43842, 9, 9418, 17, 4, '34', 2, 1),
(43843, 9, 9418, 21, 5, '23', 2, 1),
(43844, 9, 9418, 0, 6, '34', 2, 1),
(43845, 1, 9419, 24, 1, '32', 2, 1),
(43846, 1, 9419, 23, 2, '12', 2, 1),
(43847, 1, 9419, 0, 3, '32', 2, 1),
(43848, 1, 9419, 24, 4, '6', 2, 1),
(43849, 2, 9420, 1, 1, '7', 2, 1),
(43850, 2, 9420, 0, 2, '35', 2, 1),
(43851, 2, 9420, 0, 3, '14', 2, 1),
(43852, 2, 9420, 0, 4, '34', 2, 1),
(43853, 2, 9420, 21, 5, '29', 2, 1),
(43854, 2, 9420, 0, 6, '15', 2, 1),
(43855, 3, 9421, 6, 1, '27', 2, 1),
(43856, 3, 9421, 23, 2, '14', 2, 1),
(43857, 3, 9421, 9, 3, '13', 2, 1),
(43858, 3, 9421, 17, 4, '10', 2, 1),
(43859, 3, 9421, 0, 5, '34', 2, 1),
(43860, 3, 9421, 24, 6, '7', 2, 1),
(43861, 4, 9422, 1, 1, '12', 2, 1),
(43862, 4, 9422, 23, 2, '38.2', 2, 1),
(43863, 4, 9422, 9, 3, '24', 2, 1),
(43864, 4, 9422, 17, 4, '29', 2, 1),
(43865, 4, 9422, 21, 5, '9', 2, 1),
(43866, 4, 9422, 22, 6, '9', 2, 1),
(43867, 5, 9423, 24, 1, '29', 2, 1),
(43868, 5, 9423, 23, 2, '20', 2, 1),
(43869, 5, 9423, 9, 3, '14', 2, 1),
(43870, 5, 9423, 0, 4, '23', 2, 1),
(43871, 5, 9423, 0, 5, '22', 2, 1),
(43872, 5, 9423, 0, 6, '18', 2, 1),
(43873, 6, 9424, 0, 1, '28', 2, 1),
(43874, 6, 9424, 23, 2, '32', 2, 1),
(43875, 6, 9424, 9, 3, '5', 2, 1),
(43876, 6, 9424, 17, 4, '20', 2, 1),
(43877, 6, 9424, 0, 5, '30', 2, 1),
(43878, 6, 9424, 22, 6, '21', 2, 1),
(43879, 7, 9425, 1, 1, '8', 2, 1),
(43880, 7, 9425, 0, 2, '11', 2, 1),
(43881, 7, 9425, 0, 3, '33', 2, 1),
(43882, 7, 9425, 24, 4, '13', 2, 1),
(43883, 8, 9426, 1, 1, '20', 2, 1),
(43884, 8, 9426, 13, 2, '27', 2, 1),
(43885, 8, 9426, 9, 3, '7', 2, 1),
(43886, 8, 9426, 17, 4, '5', 2, 1),
(43887, 8, 9426, 24, 5, '21', 2, 1),
(43888, 9, 9427, 0, 1, '14', 2, 1),
(43889, 9, 9427, 0, 2, '28', 2, 1),
(43890, 9, 9427, 0, 3, '11', 2, 1),
(43891, 9, 9427, 0, 4, '22', 2, 1),
(43892, 9, 9427, 0, 5, '30', 2, 1),
(43893, 9, 9427, 22, 6, '9', 2, 1),
(43894, 1, 9428, 1, 1, '16', 2, 1),
(43895, 1, 9428, 23, 2, '146.2', 2, 1),
(43896, 1, 9428, 0, 3, '34', 2, 1),
(43897, 1, 9428, 17, 4, '33', 2, 1),
(43898, 1, 9428, 21, 5, '24', 2, 1),
(43899, 1, 9428, 22, 6, '27', 2, 1),
(43900, 2, 9429, 24, 1, '6', 2, 1),
(43901, 3, 9430, 24, 1, '7', 2, 1),
(43902, 3, 9430, 13, 2, '30', 2, 1),
(43903, 3, 9430, 0, 3, '35', 2, 1),
(43904, 3, 9430, 17, 4, '16', 2, 1),
(43905, 3, 9430, 21, 5, '29', 2, 1),
(43906, 3, 9430, 22, 6, '31', 2, 1),
(43907, 4, 9431, 6, 1, '12', 2, 1),
(43908, 4, 9431, 0, 2, '35', 2, 1),
(43909, 4, 9431, 24, 3, '23', 2, 1),
(43910, 5, 9432, 0, 1, '24', 2, 1),
(43911, 5, 9432, 23, 2, '24.1', 2, 1),
(43912, 5, 9432, 0, 3, '31', 2, 1),
(43913, 5, 9432, 0, 4, '20', 2, 1),
(43914, 5, 9432, 0, 5, '10', 2, 1),
(43915, 5, 9432, 0, 6, '28', 2, 1),
(43916, 6, 9433, 24, 1, '17', 2, 1),
(43917, 6, 9433, 23, 2, '11', 2, 1),
(43918, 6, 9433, 9, 3, '27', 2, 1),
(43919, 6, 9433, 17, 4, '17', 2, 1),
(43920, 6, 9433, 24, 5, '10', 2, 1),
(43921, 7, 9434, 6, 1, '30', 2, 1),
(43922, 7, 9434, 13, 2, '10', 2, 1),
(43923, 7, 9434, 0, 3, '34', 2, 1),
(43924, 7, 9434, 0, 4, '35', 2, 1),
(43925, 7, 9434, 0, 5, '28', 2, 1),
(43926, 7, 9434, 24, 6, '31', 2, 1),
(43927, 8, 9435, 6, 1, '5', 2, 1),
(43928, 8, 9435, 13, 2, '7', 2, 1),
(43929, 8, 9435, 0, 3, '30', 2, 1),
(43930, 8, 9435, 17, 4, '27.7', 2, 1),
(43931, 8, 9435, 21, 5, '17', 2, 1),
(43932, 8, 9435, 22, 6, '97.9', 2, 1),
(43933, 9, 9436, 0, 1, '11', 2, 1),
(43934, 9, 9436, 23, 2, '8', 2, 1),
(43935, 9, 9436, 9, 3, '15', 2, 1),
(43936, 9, 9436, 0, 4, '33', 2, 1),
(43937, 9, 9436, 0, 5, '35', 2, 1),
(43938, 9, 9436, 22, 6, '27', 2, 1),
(43939, 1, 9437, 24, 1, '24', 2, 1),
(43940, 2, 9438, 6, 1, '11', 2, 1),
(43941, 2, 9438, 0, 2, '31', 2, 1),
(43942, 2, 9438, 9, 3, '29', 2, 1),
(43943, 2, 9438, 0, 4, '11', 2, 1),
(43944, 2, 9438, 24, 5, '15', 2, 1),
(43945, 3, 9439, 1, 1, '5', 2, 1),
(43946, 3, 9439, 23, 2, '16', 2, 1),
(43947, 3, 9439, 9, 3, '11', 2, 1),
(43948, 3, 9439, 17, 4, '61.8', 2, 1),
(43949, 3, 9439, 0, 5, '8', 2, 1),
(43950, 3, 9439, 22, 6, '27', 2, 1),
(43951, 4, 9440, 6, 1, '35', 2, 1),
(43952, 4, 9440, 0, 2, '34', 2, 1),
(43953, 4, 9440, 0, 3, '22', 2, 1),
(43954, 4, 9440, 17, 4, '30', 2, 1),
(43955, 4, 9440, 0, 5, '16', 2, 1),
(43956, 4, 9440, 0, 6, '31', 2, 1),
(43957, 5, 9441, 1, 1, '19', 2, 1),
(43958, 5, 9441, 23, 2, '76.8', 2, 1),
(43959, 5, 9441, 9, 3, '25', 2, 1),
(43960, 5, 9441, 0, 4, '7', 2, 1),
(43961, 5, 9441, 0, 5, '15', 2, 1),
(43962, 5, 9441, 22, 6, '24', 2, 1),
(43963, 6, 9442, 0, 1, '27', 2, 1),
(43964, 6, 9442, 24, 2, '15', 2, 1),
(43965, 7, 9443, 0, 1, '31', 2, 1),
(43966, 7, 9443, 0, 2, '20', 2, 1),
(43967, 7, 9443, 0, 3, '17', 2, 1),
(43968, 7, 9443, 17, 4, '39.9', 2, 1),
(43969, 7, 9443, 0, 5, '30', 2, 1),
(43970, 7, 9443, 22, 6, '29', 2, 1),
(43971, 8, 9444, 0, 1, '8', 2, 1),
(43972, 8, 9444, 0, 2, '19', 2, 1),
(43973, 8, 9444, 9, 3, '30', 2, 1),
(43974, 8, 9444, 0, 4, '20', 2, 1),
(43975, 8, 9444, 21, 5, '8', 2, 1),
(43976, 8, 9444, 0, 6, '22', 2, 1),
(43977, 9, 9445, 24, 1, '33', 2, 1),
(43978, 1, 9446, 0, 1, '6', 2, 1),
(43979, 1, 9446, 0, 2, '17', 2, 1),
(43980, 1, 9446, 0, 3, '22', 2, 1),
(43981, 1, 9446, 17, 4, '40.2', 2, 1),
(43982, 1, 9446, 24, 5, '16', 2, 1),
(43983, 2, 9447, 0, 1, '9', 2, 1),
(43984, 2, 9447, 0, 2, '16', 2, 1),
(43985, 2, 9447, 0, 3, '20', 2, 1),
(43986, 2, 9447, 0, 4, '31', 2, 1),
(43987, 2, 9447, 21, 5, '32', 2, 1),
(43988, 2, 9447, 0, 6, '18', 2, 1),
(43989, 3, 9448, 6, 1, '9', 2, 1),
(43990, 3, 9448, 23, 2, '26', 2, 1),
(43991, 3, 9448, 0, 3, '15', 2, 1),
(43992, 3, 9448, 17, 4, '16', 2, 1),
(43993, 3, 9448, 0, 5, '7', 2, 1),
(43994, 3, 9448, 0, 6, '33', 2, 1),
(43995, 4, 9449, 1, 1, '28', 2, 1),
(43996, 4, 9449, 23, 2, '31', 2, 1),
(43997, 4, 9449, 0, 3, '30', 2, 1),
(43998, 4, 9449, 0, 4, '9', 2, 1),
(43999, 4, 9449, 21, 5, '31', 2, 1),
(44000, 4, 9449, 0, 6, '35', 2, 1),
(44001, 5, 9450, 0, 1, '8', 2, 1),
(44002, 5, 9450, 23, 2, '32', 2, 1),
(44003, 5, 9450, 9, 3, '10', 2, 1),
(44004, 5, 9450, 17, 4, '49.6', 2, 1),
(44005, 5, 9450, 21, 5, '281.1', 2, 1),
(44006, 5, 9450, 22, 6, '10', 2, 1),
(44007, 6, 9451, 1, 1, '8', 2, 1),
(44008, 6, 9451, 0, 2, '35', 2, 1),
(44009, 6, 9451, 9, 3, '24', 2, 1),
(44010, 6, 9451, 0, 4, '9', 2, 1),
(44011, 6, 9451, 0, 5, '29', 2, 1),
(44012, 6, 9451, 22, 6, '160.6', 2, 1),
(44013, 7, 9452, 6, 1, '14', 2, 1),
(44014, 7, 9452, 13, 2, '28', 2, 1),
(44015, 7, 9452, 0, 3, '24', 2, 1),
(44016, 7, 9452, 17, 4, '20', 2, 1),
(44017, 7, 9452, 21, 5, '33.5', 2, 1),
(44018, 7, 9452, 22, 6, '34', 2, 1),
(44019, 8, 9453, 24, 1, '20', 2, 1),
(44020, 9, 9454, 1, 1, '25', 2, 1),
(44021, 9, 9454, 23, 2, '35', 2, 1),
(44022, 9, 9454, 0, 3, '14', 2, 1),
(44023, 9, 9454, 17, 4, '33', 2, 1),
(44024, 9, 9454, 0, 5, '8', 2, 1),
(44025, 9, 9454, 22, 6, '9', 2, 1),
(44026, 1, 9455, 6, 1, '23.5', 2, 1),
(44027, 1, 9455, 24, 2, '27', 2, 1),
(44028, 2, 9456, 0, 1, '17', 2, 1),
(44029, 2, 9456, 0, 2, '26', 2, 1),
(44030, 2, 9456, 9, 3, '24', 2, 1),
(44031, 2, 9456, 17, 4, '12', 2, 1),
(44032, 2, 9456, 21, 5, '22', 2, 1),
(44033, 2, 9456, 0, 6, '32', 2, 1),
(44034, 3, 9457, 0, 1, '23', 2, 1),
(44035, 3, 9457, 23, 2, '31', 2, 1),
(44036, 3, 9457, 24, 3, '28', 2, 1),
(44037, 4, 9458, 0, 1, '15', 2, 1),
(44038, 4, 9458, 23, 2, '28', 2, 1),
(44039, 4, 9458, 0, 3, '31', 2, 1),
(44040, 4, 9458, 17, 4, '15', 2, 1),
(44041, 4, 9458, 21, 5, '29', 2, 1),
(44042, 4, 9458, 22, 6, '26', 2, 1),
(44043, 5, 9459, 24, 1, '12', 2, 1),
(44044, 5, 9459, 13, 2, '9', 2, 1),
(44045, 5, 9459, 9, 3, '23', 2, 1),
(44046, 5, 9459, 0, 4, '16', 2, 1),
(44047, 5, 9459, 21, 5, '33', 2, 1),
(44048, 5, 9459, 0, 6, '17', 2, 1),
(44049, 6, 9460, 24, 1, '28', 2, 1),
(44050, 6, 9460, 0, 2, '18', 2, 1),
(44051, 6, 9460, 9, 3, '20', 2, 1),
(44052, 6, 9460, 0, 4, '14', 2, 1),
(44053, 6, 9460, 24, 5, '17', 2, 1),
(44054, 7, 9461, 1, 1, '10', 2, 1),
(44055, 7, 9461, 13, 2, '35', 2, 1),
(44056, 7, 9461, 9, 3, '33', 2, 1),
(44057, 7, 9461, 17, 4, '411.6', 2, 1),
(44058, 7, 9461, 24, 5, '33', 2, 1),
(44059, 8, 9462, 24, 1, '25', 2, 1),
(44060, 8, 9462, 23, 2, '10', 2, 1),
(44061, 8, 9462, 9, 3, '21', 2, 1),
(44062, 8, 9462, 0, 4, '35', 2, 1),
(44063, 8, 9462, 0, 5, '33', 2, 1),
(44064, 8, 9462, 0, 6, '34', 2, 1),
(44065, 9, 9463, 6, 1, '30', 2, 1),
(44066, 9, 9463, 0, 2, '24', 2, 1),
(44067, 9, 9463, 0, 3, '16', 2, 1),
(44068, 9, 9463, 17, 4, '6', 2, 1),
(44069, 9, 9463, 0, 5, '31', 2, 1),
(44070, 9, 9463, 22, 6, '13', 2, 1),
(44071, 1, 9464, 0, 1, '8', 2, 1),
(44072, 1, 9464, 23, 2, '39.2', 2, 1),
(44073, 1, 9464, 0, 3, '5', 2, 1),
(44074, 1, 9464, 0, 4, '18', 2, 1),
(44075, 1, 9464, 0, 5, '17', 2, 1),
(44076, 1, 9464, 22, 6, '14', 2, 1),
(44077, 2, 9465, 24, 1, '9', 2, 1),
(44078, 2, 9465, 13, 2, '23', 2, 1),
(44079, 2, 9465, 0, 3, '18', 2, 1),
(44080, 2, 9465, 17, 4, '9', 2, 1),
(44081, 2, 9465, 21, 5, '34', 2, 1),
(44082, 2, 9465, 22, 6, '9', 2, 1),
(44083, 3, 9466, 0, 1, '14', 2, 1),
(44084, 3, 9466, 13, 2, '33', 2, 1),
(44085, 3, 9466, 0, 3, '6', 2, 1),
(44086, 3, 9466, 17, 4, '13', 2, 1),
(44087, 3, 9466, 21, 5, '12', 2, 1),
(44088, 3, 9466, 22, 6, '33', 2, 1),
(44089, 4, 9467, 0, 1, '9', 2, 1),
(44090, 4, 9467, 0, 2, '6', 2, 1),
(44091, 4, 9467, 0, 3, '24', 2, 1),
(44092, 4, 9467, 17, 4, '29', 2, 1),
(44093, 4, 9467, 0, 5, '25', 2, 1),
(44094, 4, 9467, 22, 6, '35', 2, 1),
(44095, 5, 9468, 0, 1, '9', 2, 1),
(44096, 5, 9468, 13, 2, '44.1', 2, 1),
(44097, 5, 9468, 0, 3, '19', 2, 1),
(44098, 5, 9468, 17, 4, '10', 2, 1),
(44099, 5, 9468, 0, 5, '31', 2, 1),
(44100, 5, 9468, 0, 6, '22', 2, 1),
(44101, 6, 9469, 1, 1, '5', 2, 1),
(44102, 6, 9469, 13, 2, '8', 2, 1),
(44103, 6, 9469, 9, 3, '15', 2, 1),
(44104, 6, 9469, 24, 4, '30', 2, 1),
(44105, 7, 9470, 0, 1, '27', 2, 1),
(44106, 7, 9470, 0, 2, '27', 2, 1),
(44107, 7, 9470, 9, 3, '11', 2, 1),
(44108, 7, 9470, 17, 4, '24', 2, 1),
(44109, 7, 9470, 0, 5, '29', 2, 1),
(44110, 7, 9470, 0, 6, '18', 2, 1),
(44111, 8, 9471, 1, 1, '27', 2, 1),
(44112, 8, 9471, 13, 2, '17', 2, 1),
(44113, 8, 9471, 24, 3, '11', 2, 1),
(44114, 9, 9472, 0, 1, '32', 2, 1),
(44115, 9, 9472, 23, 2, '144.1', 2, 1),
(44116, 9, 9472, 0, 3, '13', 2, 1),
(44117, 9, 9472, 0, 4, '8', 2, 1),
(44118, 9, 9472, 24, 5, '32', 2, 1),
(44119, 1, 9473, 24, 1, '12', 2, 1),
(44120, 2, 9474, 0, 1, '7', 2, 1),
(44121, 2, 9474, 13, 2, '12', 2, 1),
(44122, 2, 9474, 0, 3, '5', 2, 1),
(44123, 2, 9474, 0, 4, '20', 2, 1),
(44124, 2, 9474, 0, 5, '28', 2, 1),
(44125, 2, 9474, 22, 6, '26', 2, 1),
(44126, 3, 9475, 0, 1, '18', 2, 1),
(44127, 3, 9475, 23, 2, '77.1', 2, 1),
(44128, 3, 9475, 24, 3, '17', 2, 1),
(44129, 4, 9476, 0, 1, '14', 2, 1),
(44130, 4, 9476, 23, 2, '7', 2, 1),
(44131, 4, 9476, 9, 3, '31.8', 2, 1),
(44132, 4, 9476, 0, 4, '8', 2, 1),
(44133, 4, 9476, 0, 5, '31', 2, 1),
(44134, 4, 9476, 0, 6, '35', 2, 1),
(44135, 5, 9477, 24, 1, '22', 2, 1),
(44136, 5, 9477, 0, 2, '26', 2, 1),
(44137, 5, 9477, 9, 3, '34', 2, 1),
(44138, 5, 9477, 0, 4, '26', 2, 1),
(44139, 5, 9477, 21, 5, '25', 2, 1),
(44140, 5, 9477, 22, 6, '20.8', 2, 1),
(44141, 6, 9478, 24, 1, '10', 2, 1),
(44142, 7, 9479, 24, 1, '30', 2, 1),
(44143, 7, 9479, 0, 2, '15', 2, 1),
(44144, 7, 9479, 0, 3, '5', 2, 1),
(44145, 7, 9479, 17, 4, '34', 2, 1),
(44146, 7, 9479, 0, 5, '10', 2, 1),
(44147, 7, 9479, 22, 6, '14', 2, 1),
(44148, 8, 9480, 1, 1, '5', 2, 1),
(44149, 8, 9480, 13, 2, '196.9', 2, 1),
(44150, 8, 9480, 9, 3, '30', 2, 1),
(44151, 8, 9480, 24, 4, '8', 2, 1),
(44152, 9, 9481, 1, 1, '8', 2, 1),
(44153, 9, 9481, 13, 2, '7', 2, 1),
(44154, 9, 9481, 0, 3, '15', 2, 1),
(44155, 9, 9481, 17, 4, '8', 2, 1),
(44156, 9, 9481, 21, 5, '6', 2, 1),
(44157, 9, 9481, 0, 6, '16', 2, 1),
(44158, 1, 9482, 24, 1, '18', 3, 1),
(44159, 1, 9482, 13, 2, '12', 3, 1),
(44160, 1, 9482, 0, 3, '8', 3, 1),
(44161, 1, 9482, 0, 4, '8', 3, 1),
(44162, 1, 9482, 21, 5, '36.7', 3, 1),
(44163, 1, 9482, 22, 6, '30.2', 3, 1),
(44164, 2, 9483, 1, 1, '27', 3, 1),
(44165, 2, 9483, 13, 2, '13', 3, 1),
(44166, 2, 9483, 9, 3, '5', 3, 1),
(44167, 2, 9483, 17, 4, '22', 3, 1),
(44168, 2, 9483, 21, 5, '35', 3, 1),
(44169, 2, 9483, 22, 6, '31', 3, 1),
(44170, 3, 9484, 1, 1, '14', 3, 1),
(44171, 3, 9484, 24, 2, '33', 3, 1),
(44172, 4, 9485, 24, 1, '23.8', 3, 1),
(44173, 4, 9485, 0, 2, '35', 3, 1),
(44174, 4, 9485, 0, 3, '27', 3, 1),
(44175, 4, 9485, 17, 4, '35', 3, 1),
(44176, 4, 9485, 21, 5, '6', 3, 1),
(44177, 4, 9485, 0, 6, '22', 3, 1),
(44178, 5, 9486, 24, 1, '42.7', 3, 1),
(44179, 5, 9486, 0, 2, '12', 3, 1),
(44180, 5, 9486, 0, 3, '50.4', 3, 1),
(44181, 5, 9486, 24, 4, '23', 3, 1),
(44182, 6, 9487, 0, 1, '23', 3, 1),
(44183, 6, 9487, 0, 2, '30', 3, 1),
(44184, 6, 9487, 0, 3, '7', 3, 1),
(44185, 6, 9487, 0, 4, '16', 3, 1),
(44186, 6, 9487, 21, 5, '15', 3, 1),
(44187, 6, 9487, 0, 6, '6', 3, 1),
(44188, 7, 9488, 6, 1, '8', 3, 1),
(44189, 7, 9488, 13, 2, '23', 3, 1),
(44190, 7, 9488, 0, 3, '9', 3, 1),
(44191, 7, 9488, 0, 4, '30', 3, 1),
(44192, 7, 9488, 0, 5, '12', 3, 1),
(44193, 7, 9488, 0, 6, '127.3', 3, 1),
(44194, 8, 9489, 24, 1, '33', 3, 1),
(44195, 8, 9489, 0, 2, '28', 3, 1),
(44196, 8, 9489, 9, 3, '36.6', 3, 1),
(44197, 8, 9489, 17, 4, '8', 3, 1),
(44198, 8, 9489, 21, 5, '11', 3, 1),
(44199, 8, 9489, 22, 6, '29', 3, 1),
(44200, 9, 9490, 1, 1, '49.2', 3, 1),
(44201, 9, 9490, 13, 2, '50.6', 3, 1),
(44202, 9, 9490, 9, 3, '10', 3, 1),
(44203, 9, 9490, 0, 4, '21', 3, 1),
(44204, 9, 9490, 21, 5, '18', 3, 1),
(44205, 9, 9490, 22, 6, '34', 3, 1),
(44206, 1, 9491, 24, 1, '26', 3, 1),
(44207, 2, 9492, 24, 1, '26', 3, 1),
(44208, 2, 9492, 23, 2, '26', 3, 1),
(44209, 2, 9492, 9, 3, '29', 3, 1),
(44210, 2, 9492, 0, 4, '34', 3, 1),
(44211, 2, 9492, 21, 5, '24', 3, 1),
(44212, 2, 9492, 0, 6, '30', 3, 1),
(44213, 3, 9493, 0, 1, '34', 3, 1),
(44214, 3, 9493, 23, 2, '6', 3, 1),
(44215, 3, 9493, 9, 3, '33.2', 3, 1),
(44216, 3, 9493, 0, 4, '33', 3, 1),
(44217, 3, 9493, 0, 5, '8', 3, 1),
(44218, 3, 9493, 0, 6, '115.7', 3, 1),
(44219, 4, 9494, 0, 1, '19', 3, 1),
(44220, 4, 9494, 13, 2, '17.5', 3, 1),
(44221, 4, 9494, 9, 3, '25', 3, 1),
(44222, 4, 9494, 24, 4, '29', 3, 1),
(44223, 5, 9495, 24, 1, '32', 3, 1),
(44224, 5, 9495, 0, 2, '26', 3, 1),
(44225, 5, 9495, 0, 3, '24', 3, 1),
(44226, 5, 9495, 0, 4, '60', 3, 1),
(44227, 5, 9495, 0, 5, '32', 3, 1),
(44228, 5, 9495, 0, 6, '30', 3, 1),
(44229, 6, 9496, 24, 1, '22', 3, 1),
(44230, 6, 9496, 13, 2, '35', 3, 1),
(44231, 6, 9496, 0, 3, '18', 3, 1),
(44232, 6, 9496, 17, 4, '28', 3, 1),
(44233, 6, 9496, 21, 5, '13', 3, 1),
(44234, 6, 9496, 0, 6, '31', 3, 1),
(44235, 7, 9497, 1, 1, '30', 3, 1),
(44236, 7, 9497, 13, 2, '6', 3, 1),
(44237, 7, 9497, 0, 3, '31', 3, 1),
(44238, 7, 9497, 17, 4, '7', 3, 1),
(44239, 7, 9497, 0, 5, '7', 3, 1),
(44240, 7, 9497, 22, 6, '165.4', 3, 1),
(44241, 8, 9498, 0, 1, '18', 3, 1),
(44242, 8, 9498, 13, 2, '25', 3, 1),
(44243, 8, 9498, 0, 3, '14', 3, 1),
(44244, 8, 9498, 17, 4, '32', 3, 1),
(44245, 8, 9498, 0, 5, '23.8', 3, 1),
(44246, 8, 9498, 24, 6, '7', 3, 1),
(44247, 9, 9499, 24, 1, '35', 3, 1),
(44248, 9, 9499, 13, 2, '12', 3, 1),
(44249, 9, 9499, 9, 3, '30', 3, 1),
(44250, 9, 9499, 24, 4, '18', 3, 1),
(44251, 1, 9500, 1, 1, '239.9', 3, 1),
(44252, 1, 9500, 23, 2, '21', 3, 1),
(44253, 1, 9500, 0, 3, '16', 3, 1),
(44254, 1, 9500, 17, 4, '19', 3, 1),
(44255, 1, 9500, 0, 5, '25', 3, 1),
(44256, 1, 9500, 0, 6, '15', 3, 1),
(44257, 2, 9501, 24, 1, '14', 3, 1),
(44258, 2, 9501, 13, 2, '33', 3, 1),
(44259, 2, 9501, 9, 3, '5', 3, 1),
(44260, 2, 9501, 0, 4, '34', 3, 1),
(44261, 2, 9501, 0, 5, '22', 3, 1),
(44262, 2, 9501, 0, 6, '11', 3, 1),
(44263, 3, 9502, 0, 1, '27', 3, 1),
(44264, 3, 9502, 13, 2, '35.8', 3, 1),
(44265, 3, 9502, 0, 3, '20', 3, 1),
(44266, 3, 9502, 17, 4, '17', 3, 1),
(44267, 3, 9502, 0, 5, '34.2', 3, 1),
(44268, 3, 9502, 22, 6, '9', 3, 1),
(44269, 4, 9503, 24, 1, '15', 3, 1),
(44270, 4, 9503, 23, 2, '9', 3, 1),
(44271, 4, 9503, 0, 3, '32', 3, 1),
(44272, 4, 9503, 0, 4, '19', 3, 1),
(44273, 4, 9503, 21, 5, '10', 3, 1),
(44274, 4, 9503, 0, 6, '31', 3, 1),
(44275, 5, 9504, 24, 1, '32', 3, 1),
(44276, 5, 9504, 13, 2, '8', 3, 1),
(44277, 5, 9504, 24, 3, '30', 3, 1),
(44278, 6, 9505, 24, 1, '31', 3, 1),
(44279, 6, 9505, 23, 2, '6', 3, 1),
(44280, 6, 9505, 0, 3, '22', 3, 1),
(44281, 6, 9505, 0, 4, '9', 3, 1),
(44282, 6, 9505, 0, 5, '34', 3, 1),
(44283, 6, 9505, 0, 6, '28', 3, 1),
(44284, 7, 9506, 1, 1, '29', 3, 1),
(44285, 7, 9506, 23, 2, '26', 3, 1),
(44286, 7, 9506, 0, 3, '28.5', 3, 1),
(44287, 7, 9506, 0, 4, '32', 3, 1),
(44288, 7, 9506, 21, 5, '26.2', 3, 1),
(44289, 7, 9506, 0, 6, '14', 3, 1),
(44290, 8, 9507, 1, 1, '31', 3, 1),
(44291, 8, 9507, 0, 2, '15', 3, 1),
(44292, 8, 9507, 9, 3, '20', 3, 1),
(44293, 8, 9507, 17, 4, '22', 3, 1),
(44294, 8, 9507, 21, 5, '11', 3, 1),
(44295, 8, 9507, 22, 6, '26', 3, 1),
(44296, 9, 9508, 24, 1, '27', 3, 1),
(44297, 1, 9509, 6, 1, '11.4', 3, 1),
(44298, 1, 9509, 13, 2, '24', 3, 1),
(44299, 1, 9509, 9, 3, '11', 3, 1),
(44300, 1, 9509, 0, 4, '23', 3, 1),
(44301, 1, 9509, 21, 5, '23', 3, 1),
(44302, 1, 9509, 22, 6, '21', 3, 1),
(44303, 2, 9510, 1, 1, '13', 3, 1),
(44304, 2, 9510, 23, 2, '10', 3, 1),
(44305, 2, 9510, 0, 3, '6', 3, 1),
(44306, 2, 9510, 17, 4, '13', 3, 1),
(44307, 2, 9510, 0, 5, '26', 3, 1),
(44308, 2, 9510, 24, 6, '23', 3, 1),
(44309, 3, 9511, 24, 1, '27', 3, 1),
(44310, 3, 9511, 23, 2, '31', 3, 1),
(44311, 3, 9511, 0, 3, '14', 3, 1),
(44312, 3, 9511, 17, 4, '30', 3, 1),
(44313, 3, 9511, 0, 5, '58.2', 3, 1),
(44314, 3, 9511, 22, 6, '11', 3, 1),
(44315, 4, 9512, 1, 1, '34.1', 3, 1),
(44316, 4, 9512, 13, 2, '9', 3, 1),
(44317, 4, 9512, 9, 3, '5', 3, 1),
(44318, 4, 9512, 17, 4, '34', 3, 1),
(44319, 4, 9512, 21, 5, '25', 3, 1),
(44320, 4, 9512, 0, 6, '18', 3, 1),
(44321, 5, 9513, 6, 1, '33', 3, 1),
(44322, 5, 9513, 23, 2, '15', 3, 1),
(44323, 5, 9513, 9, 3, '18', 3, 1),
(44324, 5, 9513, 24, 4, '18', 3, 1),
(44325, 6, 9514, 0, 1, '31', 3, 1),
(44326, 6, 9514, 13, 2, '34', 3, 1),
(44327, 6, 9514, 0, 3, '23', 3, 1),
(44328, 6, 9514, 0, 4, '31', 3, 1),
(44329, 6, 9514, 0, 5, '16', 3, 1),
(44330, 6, 9514, 0, 6, '10', 3, 1),
(44331, 7, 9515, 6, 1, '40.6', 3, 1),
(44332, 7, 9515, 24, 2, '6', 3, 1),
(44333, 8, 9516, 0, 1, '60.6', 3, 1),
(44334, 8, 9516, 0, 2, '10', 3, 1),
(44335, 8, 9516, 9, 3, '7', 3, 1),
(44336, 8, 9516, 17, 4, '33', 3, 1),
(44337, 8, 9516, 0, 5, '9', 3, 1),
(44338, 8, 9516, 22, 6, '28', 3, 1),
(44339, 9, 9517, 24, 1, '11', 3, 1),
(44340, 9, 9517, 13, 2, '19', 3, 1),
(44341, 9, 9517, 0, 3, '5', 3, 1),
(44342, 9, 9517, 0, 4, '30', 3, 1),
(44343, 9, 9517, 0, 5, '15', 3, 1),
(44344, 9, 9517, 0, 6, '21', 3, 1),
(44345, 1, 9518, 24, 1, '31', 3, 1),
(44346, 1, 9518, 0, 2, '15', 3, 1),
(44347, 1, 9518, 9, 3, '17', 3, 1),
(44348, 1, 9518, 0, 4, '5', 3, 1),
(44349, 1, 9518, 0, 5, '26', 3, 1),
(44350, 1, 9518, 22, 6, '37.7', 3, 1),
(44351, 2, 9519, 6, 1, '21', 3, 1),
(44352, 2, 9519, 0, 2, '71.3', 3, 1),
(44353, 2, 9519, 9, 3, '29', 3, 1),
(44354, 2, 9519, 17, 4, '19', 3, 1),
(44355, 2, 9519, 21, 5, '19', 3, 1),
(44356, 2, 9519, 0, 6, '11', 3, 1),
(44357, 3, 9520, 6, 1, '38', 3, 1),
(44358, 3, 9520, 23, 2, '28', 3, 1),
(44359, 3, 9520, 24, 3, '33', 3, 1),
(44360, 4, 9521, 24, 1, '13', 3, 1),
(44361, 4, 9521, 0, 2, '26', 3, 1),
(44362, 4, 9521, 9, 3, '8', 3, 1),
(44363, 4, 9521, 0, 4, '9', 3, 1),
(44364, 4, 9521, 24, 5, '31', 3, 1),
(44365, 5, 9522, 24, 1, '5', 3, 1),
(44366, 5, 9522, 0, 2, '15', 3, 1),
(44367, 5, 9522, 9, 3, '24', 3, 1),
(44368, 5, 9522, 17, 4, '14', 3, 1),
(44369, 5, 9522, 0, 5, '15', 3, 1),
(44370, 5, 9522, 22, 6, '12', 3, 1),
(44371, 6, 9523, 0, 1, '34', 3, 1),
(44372, 6, 9523, 23, 2, '33', 3, 1),
(44373, 6, 9523, 0, 3, '158.8', 3, 1),
(44374, 6, 9523, 0, 4, '30', 3, 1),
(44375, 6, 9523, 0, 5, '18', 3, 1),
(44376, 6, 9523, 22, 6, '13', 3, 1),
(44377, 7, 9524, 24, 1, '5', 3, 1),
(44378, 8, 9525, 24, 1, '18.2', 3, 1),
(44379, 8, 9525, 0, 2, '32', 3, 1),
(44380, 8, 9525, 0, 3, '23', 3, 1),
(44381, 8, 9525, 17, 4, '34', 3, 1),
(44382, 8, 9525, 21, 5, '30', 3, 1),
(44383, 8, 9525, 22, 6, '20', 3, 1),
(44384, 9, 9526, 24, 1, '31', 3, 1),
(44385, 1, 9527, 1, 1, '14', 3, 1),
(44386, 1, 9527, 24, 2, '10', 3, 1),
(44387, 2, 9528, 24, 1, '11', 3, 1),
(44388, 3, 9529, 24, 1, '8', 3, 1),
(44389, 4, 9530, 0, 1, '20', 3, 1),
(44390, 4, 9530, 0, 2, '17', 3, 1),
(44391, 4, 9530, 9, 3, '21', 3, 1),
(44392, 4, 9530, 17, 4, '13', 3, 1),
(44393, 4, 9530, 0, 5, '18', 3, 1),
(44394, 4, 9530, 22, 6, '16', 3, 1),
(44395, 5, 9531, 6, 1, '33', 3, 1),
(44396, 5, 9531, 0, 2, '18', 3, 1),
(44397, 5, 9531, 9, 3, '28', 3, 1),
(44398, 5, 9531, 17, 4, '27.6', 3, 1),
(44399, 5, 9531, 21, 5, '20', 3, 1),
(44400, 5, 9531, 0, 6, '40.6', 3, 1),
(44401, 6, 9532, 24, 1, '32', 3, 1),
(44402, 7, 9533, 6, 1, '15', 3, 1),
(44403, 7, 9533, 0, 2, '14', 3, 1),
(44404, 7, 9533, 0, 3, '22', 3, 1),
(44405, 7, 9533, 0, 4, '74.1', 3, 1),
(44406, 7, 9533, 0, 5, '128.9', 3, 1),
(44407, 7, 9533, 22, 6, '28', 3, 1),
(44408, 8, 9534, 24, 1, '18', 3, 1),
(44409, 8, 9534, 24, 2, '12', 3, 1),
(44410, 9, 9535, 24, 1, '24', 3, 1),
(44411, 9, 9535, 23, 2, '32', 3, 1),
(44412, 9, 9535, 24, 3, '33', 3, 1),
(44413, 1, 9536, 24, 1, '5', 3, 1),
(44414, 1, 9536, 0, 2, '42.1', 3, 1),
(44415, 1, 9536, 24, 3, '14', 3, 1),
(44416, 2, 9537, 0, 1, '13', 3, 1),
(44417, 2, 9537, 0, 2, '24', 3, 1),
(44418, 2, 9537, 0, 3, '31', 3, 1),
(44419, 2, 9537, 17, 4, '5', 3, 1),
(44420, 2, 9537, 24, 5, '27', 3, 1),
(44421, 3, 9538, 0, 1, '5', 3, 1),
(44422, 3, 9538, 13, 2, '30', 3, 1),
(44423, 3, 9538, 0, 3, '12', 3, 1),
(44424, 3, 9538, 24, 4, '14', 3, 1),
(44425, 4, 9539, 1, 1, '24', 3, 1),
(44426, 4, 9539, 23, 2, '16', 3, 1),
(44427, 4, 9539, 0, 3, '7', 3, 1),
(44428, 4, 9539, 24, 4, '22', 3, 1),
(44429, 5, 9540, 24, 1, '22', 3, 1),
(44430, 6, 9541, 0, 1, '26', 3, 1),
(44431, 6, 9541, 23, 2, '17', 3, 1),
(44432, 6, 9541, 24, 3, '11', 3, 1),
(44433, 7, 9542, 6, 1, '21', 3, 1),
(44434, 7, 9542, 23, 2, '14', 3, 1),
(44435, 7, 9542, 0, 3, '32', 3, 1),
(44436, 7, 9542, 0, 4, '27', 3, 1),
(44437, 7, 9542, 21, 5, '35.9', 3, 1),
(44438, 7, 9542, 22, 6, '7', 3, 1),
(44439, 8, 9543, 24, 1, '22', 3, 1),
(44440, 8, 9543, 23, 2, '12', 3, 1),
(44441, 8, 9543, 24, 3, '32', 3, 1),
(44442, 9, 9544, 6, 1, '23.8', 3, 1),
(44443, 9, 9544, 23, 2, '15.4', 3, 1),
(44444, 9, 9544, 24, 3, '18', 3, 1),
(44445, 1, 9545, 24, 1, '13', 3, 1),
(44446, 2, 9546, 0, 1, '11', 3, 1),
(44447, 2, 9546, 23, 2, '13', 3, 1),
(44448, 2, 9546, 9, 3, '5', 3, 1),
(44449, 2, 9546, 17, 4, '32.9', 3, 1),
(44450, 2, 9546, 0, 5, '43.2', 3, 1),
(44451, 2, 9546, 22, 6, '9', 3, 1),
(44452, 3, 9547, 24, 1, '18', 3, 1),
(44453, 3, 9547, 0, 2, '34', 3, 1),
(44454, 3, 9547, 9, 3, '6', 3, 1),
(44455, 3, 9547, 0, 4, '23', 3, 1),
(44456, 3, 9547, 0, 5, '33', 3, 1),
(44457, 3, 9547, 22, 6, '30', 3, 1),
(44458, 4, 9548, 24, 1, '27', 3, 1),
(44459, 4, 9548, 13, 2, '17', 3, 1),
(44460, 4, 9548, 24, 3, '12', 3, 1),
(44461, 5, 9549, 0, 1, '11', 3, 1),
(44462, 5, 9549, 0, 2, '33', 3, 1),
(44463, 5, 9549, 9, 3, '30.2', 3, 1),
(44464, 5, 9549, 17, 4, '14', 3, 1),
(44465, 5, 9549, 24, 5, '15', 3, 1),
(44466, 6, 9550, 6, 1, '22', 3, 1),
(44467, 6, 9550, 0, 2, '6', 3, 1),
(44468, 6, 9550, 0, 3, '18', 3, 1),
(44469, 6, 9550, 24, 4, '21', 3, 1),
(44470, 7, 9551, 24, 1, '8', 3, 1),
(44471, 7, 9551, 23, 2, '28', 3, 1),
(44472, 7, 9551, 0, 3, '14', 3, 1),
(44473, 7, 9551, 17, 4, '39.5', 3, 1),
(44474, 7, 9551, 21, 5, '14', 3, 1),
(44475, 7, 9551, 22, 6, '48.7', 3, 1),
(44476, 8, 9552, 1, 1, '5', 3, 1),
(44477, 8, 9552, 13, 2, '11', 3, 1),
(44478, 8, 9552, 9, 3, '74.4', 3, 1),
(44479, 8, 9552, 17, 4, '23', 3, 1),
(44480, 8, 9552, 0, 5, '14', 3, 1),
(44481, 8, 9552, 22, 6, '30', 3, 1),
(44482, 9, 9553, 24, 1, '18.3', 3, 1),
(44483, 9, 9553, 13, 2, '12', 3, 1),
(44484, 9, 9553, 9, 3, '9', 3, 1),
(44485, 9, 9553, 17, 4, '51.1', 3, 1),
(44486, 9, 9553, 0, 5, '21', 3, 1),
(44487, 9, 9553, 22, 6, '24', 3, 1),
(44488, 1, 9554, 1, 1, '12', 3, 1),
(44489, 1, 9554, 24, 2, '16', 3, 1),
(44490, 2, 9555, 1, 1, '12', 3, 1),
(44491, 2, 9555, 13, 2, '13.6', 3, 1),
(44492, 2, 9555, 0, 3, '17', 3, 1),
(44493, 2, 9555, 0, 4, '12', 3, 1),
(44494, 2, 9555, 21, 5, '31', 3, 1),
(44495, 2, 9555, 22, 6, '29', 3, 1),
(44496, 3, 9556, 24, 1, '10', 3, 1),
(44497, 3, 9556, 24, 2, '23', 3, 1),
(44498, 4, 9557, 0, 1, '11', 3, 1),
(44499, 4, 9557, 13, 2, '23', 3, 1),
(44500, 4, 9557, 9, 3, '63.5', 3, 1),
(44501, 4, 9557, 17, 4, '27', 3, 1),
(44502, 4, 9557, 0, 5, '16', 3, 1),
(44503, 4, 9557, 0, 6, '31', 3, 1),
(44504, 5, 9558, 24, 1, '18', 3, 1),
(44505, 5, 9558, 0, 2, '29', 3, 1),
(44506, 5, 9558, 9, 3, '129.5', 3, 1),
(44507, 5, 9558, 17, 4, '12', 3, 1),
(44508, 5, 9558, 0, 5, '28', 3, 1),
(44509, 5, 9558, 22, 6, '23', 3, 1),
(44510, 6, 9559, 24, 1, '29', 3, 1),
(44511, 6, 9559, 24, 2, '27', 3, 1),
(44512, 7, 9560, 1, 1, '29', 3, 1),
(44513, 7, 9560, 13, 2, '41', 3, 1),
(44514, 7, 9560, 9, 3, '32', 3, 1),
(44515, 7, 9560, 0, 4, '30', 3, 1),
(44516, 7, 9560, 0, 5, '25', 3, 1),
(44517, 7, 9560, 22, 6, '20', 3, 1),
(44518, 8, 9561, 24, 1, '35', 3, 1),
(44519, 9, 9562, 0, 1, '25', 3, 1),
(44520, 9, 9562, 13, 2, '11', 3, 1),
(44521, 9, 9562, 0, 3, '27', 3, 1),
(44522, 9, 9562, 0, 4, '651.2', 3, 1),
(44523, 9, 9562, 21, 5, '6', 3, 1),
(44524, 9, 9562, 22, 6, '12', 3, 1),
(44525, 1, 9563, 6, 1, '30', 4, 1),
(44526, 1, 9563, 23, 2, '21', 4, 1),
(44527, 1, 9563, 9, 3, '21', 4, 1),
(44528, 1, 9563, 24, 4, '23', 4, 1),
(44529, 2, 9564, 24, 1, '31', 4, 1),
(44530, 3, 9565, 24, 1, '30', 4, 1),
(44531, 3, 9565, 13, 2, '29', 4, 1),
(44532, 3, 9565, 9, 3, '32', 4, 1),
(44533, 3, 9565, 17, 4, '22', 4, 1),
(44534, 3, 9565, 0, 5, '30', 4, 1),
(44535, 3, 9565, 0, 6, '8', 4, 1),
(44536, 4, 9566, 24, 1, '16', 4, 1),
(44537, 5, 9567, 0, 1, '5', 4, 1),
(44538, 5, 9567, 0, 2, '30', 4, 1),
(44539, 5, 9567, 0, 3, '18', 4, 1),
(44540, 5, 9567, 0, 4, '98.2', 4, 1),
(44541, 5, 9567, 21, 5, '22', 4, 1),
(44542, 5, 9567, 22, 6, '21', 4, 1),
(44543, 6, 9568, 6, 1, '18', 4, 1),
(44544, 6, 9568, 24, 2, '32', 4, 1),
(44545, 7, 9569, 24, 1, '8', 4, 1),
(44546, 7, 9569, 0, 2, '25', 4, 1),
(44547, 7, 9569, 9, 3, '31', 4, 1),
(44548, 7, 9569, 0, 4, '25', 4, 1),
(44549, 7, 9569, 21, 5, '23', 4, 1),
(44550, 7, 9569, 0, 6, '22', 4, 1),
(44551, 8, 9570, 24, 1, '498.3', 4, 1),
(44552, 8, 9570, 0, 2, '14', 4, 1),
(44553, 8, 9570, 24, 3, '23', 4, 1),
(44554, 9, 9571, 0, 1, '7', 4, 1),
(44555, 9, 9571, 0, 2, '44', 4, 1),
(44556, 9, 9571, 0, 3, '26', 4, 1),
(44557, 9, 9571, 17, 4, '19', 4, 1),
(44558, 9, 9571, 0, 5, '35', 4, 1),
(44559, 9, 9571, 0, 6, '5', 4, 1),
(44560, 1, 9572, 24, 1, '34', 4, 1),
(44561, 1, 9572, 0, 2, '24', 4, 1),
(44562, 1, 9572, 0, 3, '17', 4, 1),
(44563, 1, 9572, 17, 4, '8', 4, 1),
(44564, 1, 9572, 24, 5, '7', 4, 1),
(44565, 2, 9573, 0, 1, '8', 4, 1),
(44566, 2, 9573, 23, 2, '19', 4, 1),
(44567, 2, 9573, 9, 3, '33', 4, 1),
(44568, 2, 9573, 0, 4, '139.7', 4, 1),
(44569, 2, 9573, 21, 5, '5', 4, 1),
(44570, 2, 9573, 0, 6, '21', 4, 1),
(44571, 3, 9574, 24, 1, '33', 4, 1),
(44572, 4, 9575, 6, 1, '30', 4, 1),
(44573, 4, 9575, 23, 2, '11', 4, 1),
(44574, 4, 9575, 9, 3, '29', 4, 1),
(44575, 4, 9575, 24, 4, '18', 4, 1),
(44576, 5, 9576, 24, 1, '32', 4, 1),
(44577, 6, 9577, 0, 1, '29.7', 4, 1),
(44578, 6, 9577, 13, 2, '23', 4, 1),
(44579, 6, 9577, 9, 3, '32', 4, 1),
(44580, 6, 9577, 0, 4, '34', 4, 1),
(44581, 6, 9577, 21, 5, '24', 4, 1),
(44582, 6, 9577, 0, 6, '13', 4, 1),
(44583, 7, 9578, 24, 1, '26', 4, 1),
(44584, 7, 9578, 0, 2, '13', 4, 1),
(44585, 7, 9578, 24, 3, '31', 4, 1),
(44586, 8, 9579, 24, 1, '9', 4, 1),
(44587, 8, 9579, 23, 2, '6', 4, 1),
(44588, 8, 9579, 0, 3, '8', 4, 1),
(44589, 8, 9579, 0, 4, '22', 4, 1),
(44590, 8, 9579, 0, 5, '9', 4, 1),
(44591, 8, 9579, 0, 6, '6', 4, 1),
(44592, 9, 9580, 1, 1, '35', 4, 1),
(44593, 9, 9580, 13, 2, '10', 4, 1),
(44594, 9, 9580, 0, 3, '15', 4, 1),
(44595, 9, 9580, 0, 4, '27', 4, 1),
(44596, 9, 9580, 0, 5, '6', 4, 1),
(44597, 9, 9580, 22, 6, '19', 4, 1),
(44598, 1, 9581, 24, 1, '29', 4, 1),
(44599, 2, 9582, 0, 1, '5', 4, 1),
(44600, 2, 9582, 0, 2, '10', 4, 1),
(44601, 2, 9582, 9, 3, '11', 4, 1),
(44602, 2, 9582, 0, 4, '26', 4, 1),
(44603, 2, 9582, 0, 5, '29', 4, 1),
(44604, 2, 9582, 22, 6, '5', 4, 1),
(44605, 3, 9583, 1, 1, '21', 4, 1),
(44606, 3, 9583, 24, 2, '31', 4, 1),
(44607, 4, 9584, 0, 1, '18', 4, 1),
(44608, 4, 9584, 23, 2, '30.9', 4, 1),
(44609, 4, 9584, 0, 3, '27', 4, 1),
(44610, 4, 9584, 0, 4, '16', 4, 1),
(44611, 4, 9584, 21, 5, '27', 4, 1),
(44612, 4, 9584, 0, 6, '48', 4, 1),
(44613, 5, 9585, 1, 1, '23.4', 4, 1),
(44614, 5, 9585, 13, 2, '5', 4, 1),
(44615, 5, 9585, 0, 3, '25', 4, 1),
(44616, 5, 9585, 0, 4, '120.4', 4, 1),
(44617, 5, 9585, 21, 5, '20', 4, 1),
(44618, 5, 9585, 0, 6, '7', 4, 1),
(44619, 6, 9586, 24, 1, '19', 4, 1),
(44620, 6, 9586, 24, 2, '25', 4, 1),
(44621, 7, 9587, 0, 1, '12', 4, 1),
(44622, 7, 9587, 23, 2, '25', 4, 1),
(44623, 7, 9587, 0, 3, '35', 4, 1),
(44624, 7, 9587, 0, 4, '22.3', 4, 1),
(44625, 7, 9587, 0, 5, '33', 4, 1),
(44626, 7, 9587, 0, 6, '10', 4, 1),
(44627, 8, 9588, 24, 1, '34', 4, 1),
(44628, 8, 9588, 24, 2, '30', 4, 1),
(44629, 9, 9589, 24, 1, '14', 4, 1),
(44630, 9, 9589, 23, 2, '32', 4, 1),
(44631, 9, 9589, 0, 3, '34', 4, 1),
(44632, 9, 9589, 17, 4, '18', 4, 1),
(44633, 9, 9589, 0, 5, '31', 4, 1),
(44634, 9, 9589, 0, 6, '8', 4, 1),
(44635, 1, 9590, 6, 1, '27', 4, 1),
(44636, 1, 9590, 13, 2, '24', 4, 1),
(44637, 1, 9590, 24, 3, '15', 4, 1),
(44638, 2, 9591, 24, 1, '7', 4, 1),
(44639, 2, 9591, 13, 2, '20', 4, 1),
(44640, 2, 9591, 0, 3, '14.4', 4, 1),
(44641, 2, 9591, 0, 4, '12.7', 4, 1),
(44642, 2, 9591, 0, 5, '19', 4, 1),
(44643, 2, 9591, 0, 6, '46.3', 4, 1),
(44644, 3, 9592, 1, 1, '21', 4, 1),
(44645, 3, 9592, 23, 2, '27', 4, 1),
(44646, 3, 9592, 9, 3, '14', 4, 1),
(44647, 3, 9592, 0, 4, '30', 4, 1),
(44648, 3, 9592, 24, 5, '18', 4, 1),
(44649, 4, 9593, 24, 1, '25', 4, 1),
(44650, 5, 9594, 1, 1, '35', 4, 1),
(44651, 5, 9594, 0, 2, '15', 4, 1),
(44652, 5, 9594, 24, 3, '16', 4, 1),
(44653, 6, 9595, 24, 1, '21', 4, 1),
(44654, 6, 9595, 13, 2, '15', 4, 1),
(44655, 6, 9595, 9, 3, '17', 4, 1),
(44656, 6, 9595, 0, 4, '19', 4, 1),
(44657, 6, 9595, 0, 5, '28.7', 4, 1),
(44658, 6, 9595, 0, 6, '26', 4, 1),
(44659, 7, 9596, 24, 1, '26', 4, 1),
(44660, 7, 9596, 23, 2, '26', 4, 1),
(44661, 7, 9596, 0, 3, '27', 4, 1),
(44662, 7, 9596, 17, 4, '12', 4, 1),
(44663, 7, 9596, 21, 5, '9', 4, 1),
(44664, 7, 9596, 0, 6, '14', 4, 1),
(44665, 8, 9597, 0, 1, '26', 4, 1),
(44666, 8, 9597, 0, 2, '5', 4, 1),
(44667, 8, 9597, 0, 3, '47', 4, 1),
(44668, 8, 9597, 24, 4, '9', 4, 1),
(44669, 9, 9598, 24, 1, '5', 4, 1),
(44670, 1, 9599, 24, 1, '61.6', 4, 1),
(44671, 1, 9599, 13, 2, '19', 4, 1),
(44672, 1, 9599, 9, 3, '6', 4, 1),
(44673, 1, 9599, 17, 4, '31.1', 4, 1),
(44674, 1, 9599, 0, 5, '14', 4, 1),
(44675, 1, 9599, 0, 6, '21', 4, 1),
(44676, 2, 9600, 1, 1, '6', 4, 1),
(44677, 2, 9600, 13, 2, '7', 4, 1),
(44678, 2, 9600, 9, 3, '15', 4, 1),
(44679, 2, 9600, 17, 4, '6', 4, 1),
(44680, 2, 9600, 21, 5, '33', 4, 1),
(44681, 2, 9600, 0, 6, '10', 4, 1),
(44682, 3, 9601, 24, 1, '22', 4, 1),
(44683, 4, 9602, 1, 1, '14', 4, 1),
(44684, 4, 9602, 0, 2, '95.8', 4, 1),
(44685, 4, 9602, 24, 3, '18', 4, 1),
(44686, 5, 9603, 24, 1, '5', 4, 1),
(44687, 5, 9603, 13, 2, '11', 4, 1),
(44688, 5, 9603, 0, 3, '15.9', 4, 1),
(44689, 5, 9603, 0, 4, '24', 4, 1),
(44690, 5, 9603, 21, 5, '8', 4, 1),
(44691, 5, 9603, 22, 6, '22', 4, 1),
(44692, 6, 9604, 24, 1, '20', 4, 1),
(44693, 6, 9604, 13, 2, '32', 4, 1),
(44694, 6, 9604, 9, 3, '9', 4, 1),
(44695, 6, 9604, 17, 4, '23.8', 4, 1),
(44696, 6, 9604, 21, 5, '47', 4, 1),
(44697, 6, 9604, 0, 6, '9', 4, 1),
(44698, 7, 9605, 0, 1, '19', 4, 1),
(44699, 7, 9605, 13, 2, '5', 4, 1),
(44700, 7, 9605, 0, 3, '27', 4, 1),
(44701, 7, 9605, 0, 4, '8', 4, 1),
(44702, 7, 9605, 0, 5, '49.6', 4, 1),
(44703, 7, 9605, 0, 6, '8.5', 4, 1),
(44704, 8, 9606, 1, 1, '14.4', 4, 1),
(44705, 8, 9606, 0, 2, '11', 4, 1),
(44706, 8, 9606, 9, 3, '10', 4, 1),
(44707, 8, 9606, 24, 4, '16', 4, 1),
(44708, 9, 9607, 0, 1, '25', 4, 1),
(44709, 9, 9607, 23, 2, '14', 4, 1),
(44710, 9, 9607, 0, 3, '26', 4, 1),
(44711, 9, 9607, 0, 4, '79.7', 4, 1),
(44712, 9, 9607, 21, 5, '24', 4, 1),
(44713, 9, 9607, 22, 6, '21', 4, 1),
(44714, 1, 9608, 0, 1, '9', 4, 1),
(44715, 1, 9608, 23, 2, '31', 4, 1),
(44716, 1, 9608, 0, 3, '19', 4, 1),
(44717, 1, 9608, 17, 4, '28.4', 4, 1),
(44718, 1, 9608, 0, 5, '14', 4, 1),
(44719, 1, 9608, 0, 6, '18', 4, 1),
(44720, 2, 9609, 0, 1, '15', 4, 1),
(44721, 2, 9609, 23, 2, '8', 4, 1),
(44722, 2, 9609, 9, 3, '16', 4, 1),
(44723, 2, 9609, 0, 4, '39', 4, 1),
(44724, 2, 9609, 21, 5, '24', 4, 1),
(44725, 2, 9609, 0, 6, '34', 4, 1),
(44726, 3, 9610, 0, 1, '19', 4, 1),
(44727, 3, 9610, 23, 2, '6', 4, 1),
(44728, 3, 9610, 9, 3, '5', 4, 1),
(44729, 3, 9610, 17, 4, '12', 4, 1),
(44730, 3, 9610, 21, 5, '6', 4, 1),
(44731, 3, 9610, 0, 6, '13', 4, 1),
(44732, 4, 9611, 6, 1, '13', 4, 1),
(44733, 4, 9611, 13, 2, '49.2', 4, 1),
(44734, 4, 9611, 0, 3, '8', 4, 1),
(44735, 4, 9611, 0, 4, '16', 4, 1),
(44736, 4, 9611, 0, 5, '35', 4, 1),
(44737, 4, 9611, 0, 6, '23', 4, 1),
(44738, 5, 9612, 0, 1, '13', 4, 1),
(44739, 5, 9612, 23, 2, '23', 4, 1),
(44740, 5, 9612, 9, 3, '26', 4, 1),
(44741, 5, 9612, 0, 4, '8', 4, 1),
(44742, 5, 9612, 24, 5, '5', 4, 1),
(44743, 6, 9613, 24, 1, '12', 4, 1),
(44744, 6, 9613, 23, 2, '18', 4, 1),
(44745, 6, 9613, 9, 3, '14', 4, 1),
(44746, 6, 9613, 0, 4, '15', 4, 1),
(44747, 6, 9613, 0, 5, '20', 4, 1),
(44748, 6, 9613, 22, 6, '13', 4, 1),
(44749, 7, 9614, 1, 1, '22', 4, 1),
(44750, 7, 9614, 0, 2, '33', 4, 1),
(44751, 7, 9614, 9, 3, '12', 4, 1),
(44752, 7, 9614, 0, 4, '6', 4, 1),
(44753, 7, 9614, 0, 5, '14', 4, 1),
(44754, 7, 9614, 22, 6, '18', 4, 1),
(44755, 8, 9615, 1, 1, '19', 4, 1),
(44756, 8, 9615, 13, 2, '61', 4, 1),
(44757, 8, 9615, 24, 3, '15', 4, 1),
(44758, 9, 9616, 24, 1, '34', 4, 1),
(44759, 9, 9616, 23, 2, '11', 4, 1),
(44760, 9, 9616, 24, 3, '7', 4, 1),
(44761, 1, 9617, 0, 1, '20', 4, 1),
(44762, 1, 9617, 13, 2, '11', 4, 1),
(44763, 1, 9617, 9, 3, '25', 4, 1),
(44764, 1, 9617, 0, 4, '28', 4, 1),
(44765, 1, 9617, 0, 5, '28.8', 4, 1),
(44766, 1, 9617, 22, 6, '33', 4, 1),
(44767, 2, 9618, 0, 1, '34', 4, 1),
(44768, 2, 9618, 13, 2, '33', 4, 1),
(44769, 2, 9618, 9, 3, '13', 4, 1),
(44770, 2, 9618, 17, 4, '5', 4, 1),
(44771, 2, 9618, 21, 5, '23', 4, 1),
(44772, 2, 9618, 24, 6, '35', 4, 1),
(44773, 3, 9619, 6, 1, '33', 4, 1),
(44774, 3, 9619, 24, 2, '13', 4, 1),
(44775, 4, 9620, 6, 1, '7', 4, 1),
(44776, 4, 9620, 13, 2, '32', 4, 1),
(44777, 4, 9620, 9, 3, '26', 4, 1),
(44778, 4, 9620, 17, 4, '27', 4, 1),
(44779, 4, 9620, 21, 5, '24', 4, 1),
(44780, 4, 9620, 0, 6, '26', 4, 1),
(44781, 5, 9621, 0, 1, '24', 4, 1),
(44782, 5, 9621, 0, 2, '24', 4, 1),
(44783, 5, 9621, 0, 3, '18', 4, 1),
(44784, 5, 9621, 0, 4, '12', 4, 1),
(44785, 5, 9621, 21, 5, '29', 4, 1),
(44786, 5, 9621, 0, 6, '13', 4, 1),
(44787, 6, 9622, 0, 1, '18', 4, 1),
(44788, 6, 9622, 24, 2, '20', 4, 1),
(44789, 7, 9623, 0, 1, '47.6', 4, 1),
(44790, 7, 9623, 13, 2, '26', 4, 1);
INSERT INTO `actividades` (`id_record`, `id_modulo`, `id_orden`, `id_problema`, `id_operacion`, `tiempo`, `ejecucion`, `active`) VALUES
(44791, 7, 9623, 0, 3, '6', 4, 1),
(44792, 7, 9623, 0, 4, '24', 4, 1),
(44793, 7, 9623, 0, 5, '30', 4, 1),
(44794, 7, 9623, 0, 6, '17', 4, 1),
(44795, 8, 9624, 24, 1, '29', 4, 1),
(44796, 8, 9624, 0, 2, '28', 4, 1),
(44797, 8, 9624, 0, 3, '27', 4, 1),
(44798, 8, 9624, 17, 4, '19', 4, 1),
(44799, 8, 9624, 0, 5, '16', 4, 1),
(44800, 8, 9624, 22, 6, '12', 4, 1),
(44801, 9, 9625, 1, 1, '19', 4, 1),
(44802, 9, 9625, 13, 2, '31', 4, 1),
(44803, 9, 9625, 9, 3, '29', 4, 1),
(44804, 9, 9625, 0, 4, '7', 4, 1),
(44805, 9, 9625, 21, 5, '7', 4, 1),
(44806, 9, 9625, 22, 6, '23', 4, 1),
(44807, 1, 9626, 24, 1, '6', 4, 1),
(44808, 1, 9626, 23, 2, '12', 4, 1),
(44809, 1, 9626, 9, 3, '20', 4, 1),
(44810, 1, 9626, 24, 4, '26', 4, 1),
(44811, 2, 9627, 0, 1, '7', 4, 1),
(44812, 2, 9627, 23, 2, '7', 4, 1),
(44813, 2, 9627, 9, 3, '57.1', 4, 1),
(44814, 2, 9627, 17, 4, '34', 4, 1),
(44815, 2, 9627, 21, 5, '24', 4, 1),
(44816, 2, 9627, 0, 6, '75.5', 4, 1),
(44817, 3, 9628, 24, 1, '13', 4, 1),
(44818, 3, 9628, 23, 2, '16', 4, 1),
(44819, 3, 9628, 9, 3, '16', 4, 1),
(44820, 3, 9628, 17, 4, '34', 4, 1),
(44821, 3, 9628, 0, 5, '16', 4, 1),
(44822, 3, 9628, 22, 6, '15', 4, 1),
(44823, 4, 9629, 1, 1, '7', 4, 1),
(44824, 4, 9629, 23, 2, '48.7', 4, 1),
(44825, 4, 9629, 9, 3, '20', 4, 1),
(44826, 4, 9629, 0, 4, '15', 4, 1),
(44827, 4, 9629, 21, 5, '12', 4, 1),
(44828, 4, 9629, 22, 6, '25', 4, 1),
(44829, 5, 9630, 24, 1, '23', 4, 1),
(44830, 6, 9631, 6, 1, '16', 4, 1),
(44831, 6, 9631, 13, 2, '18', 4, 1),
(44832, 6, 9631, 9, 3, '31', 4, 1),
(44833, 6, 9631, 0, 4, '18', 4, 1),
(44834, 6, 9631, 21, 5, '22', 4, 1),
(44835, 6, 9631, 22, 6, '5', 4, 1),
(44836, 7, 9632, 1, 1, '11', 4, 1),
(44837, 7, 9632, 0, 2, '34', 4, 1),
(44838, 7, 9632, 9, 3, '22', 4, 1),
(44839, 7, 9632, 17, 4, '34', 4, 1),
(44840, 7, 9632, 0, 5, '17', 4, 1),
(44841, 7, 9632, 22, 6, '28', 4, 1),
(44842, 8, 9633, 24, 1, '18', 4, 1),
(44843, 8, 9633, 24, 2, '11', 4, 1),
(44844, 9, 9634, 1, 1, '15.7', 4, 1),
(44845, 9, 9634, 13, 2, '29', 4, 1),
(44846, 9, 9634, 0, 3, '32', 4, 1),
(44847, 9, 9634, 0, 4, '18', 4, 1),
(44848, 9, 9634, 21, 5, '33', 4, 1),
(44849, 9, 9634, 0, 6, '12', 4, 1),
(44850, 1, 9635, 1, 1, '33', 4, 1),
(44851, 1, 9635, 0, 2, '32', 4, 1),
(44852, 1, 9635, 0, 3, '25', 4, 1),
(44853, 1, 9635, 0, 4, '10', 4, 1),
(44854, 1, 9635, 0, 5, '32', 4, 1),
(44855, 1, 9635, 0, 6, '30', 4, 1),
(44856, 2, 9636, 24, 1, '16', 4, 1),
(44857, 2, 9636, 24, 2, '22', 4, 1),
(44858, 3, 9637, 24, 1, '37.9', 4, 1),
(44859, 3, 9637, 24, 2, '30', 4, 1),
(44860, 4, 9638, 6, 1, '7', 4, 1),
(44861, 4, 9638, 13, 2, '18', 4, 1),
(44862, 4, 9638, 9, 3, '29', 4, 1),
(44863, 4, 9638, 0, 4, '6', 4, 1),
(44864, 4, 9638, 21, 5, '27', 4, 1),
(44865, 4, 9638, 22, 6, '29', 4, 1),
(44866, 5, 9639, 6, 1, '30.9', 4, 1),
(44867, 5, 9639, 13, 2, '18', 4, 1),
(44868, 5, 9639, 0, 3, '28', 4, 1),
(44869, 5, 9639, 0, 4, '14', 4, 1),
(44870, 5, 9639, 0, 5, '10', 4, 1),
(44871, 5, 9639, 22, 6, '34', 4, 1),
(44872, 6, 9640, 24, 1, '31', 4, 1),
(44873, 7, 9641, 1, 1, '26', 4, 1),
(44874, 7, 9641, 13, 2, '24', 4, 1),
(44875, 7, 9641, 9, 3, '6', 4, 1),
(44876, 7, 9641, 17, 4, '152', 4, 1),
(44877, 7, 9641, 24, 5, '13', 4, 1),
(44878, 8, 9642, 24, 1, '10', 4, 1),
(44879, 9, 9643, 0, 1, '26', 4, 1),
(44880, 9, 9643, 23, 2, '6', 4, 1),
(44881, 9, 9643, 9, 3, '18', 4, 1),
(44882, 9, 9643, 0, 4, '26', 4, 1),
(44883, 9, 9643, 21, 5, '18.9', 4, 1),
(44884, 9, 9643, 22, 6, '16', 4, 1),
(44885, 1, 9644, 1, 1, '5', 5, 1),
(44886, 1, 9644, 13, 2, '32', 5, 1),
(44887, 1, 9644, 0, 3, '7', 5, 1),
(44888, 1, 9644, 0, 4, '10', 5, 1),
(44889, 1, 9644, 0, 5, '13', 5, 1),
(44890, 1, 9644, 0, 6, '35', 5, 1),
(44891, 2, 9645, 24, 1, '16', 5, 1),
(44892, 3, 9646, 0, 1, '13', 5, 1),
(44893, 3, 9646, 24, 2, '6', 5, 1),
(44894, 4, 9647, 24, 1, '31', 5, 1),
(44895, 4, 9647, 23, 2, '24', 5, 1),
(44896, 4, 9647, 0, 3, '23', 5, 1),
(44897, 4, 9647, 17, 4, '7', 5, 1),
(44898, 4, 9647, 21, 5, '33', 5, 1),
(44899, 4, 9647, 0, 6, '19', 5, 1),
(44900, 5, 9648, 24, 1, '23', 5, 1),
(44901, 5, 9648, 0, 2, '23', 5, 1),
(44902, 5, 9648, 0, 3, '44.8', 5, 1),
(44903, 5, 9648, 24, 4, '32', 5, 1),
(44904, 6, 9649, 1, 1, '48.5', 5, 1),
(44905, 6, 9649, 0, 2, '11', 5, 1),
(44906, 6, 9649, 24, 3, '31', 5, 1),
(44907, 7, 9650, 6, 1, '22', 5, 1),
(44908, 7, 9650, 0, 2, '23', 5, 1),
(44909, 7, 9650, 9, 3, '66.1', 5, 1),
(44910, 7, 9650, 0, 4, '7', 5, 1),
(44911, 7, 9650, 24, 5, '24', 5, 1),
(44912, 8, 9651, 24, 1, '10', 5, 1),
(44913, 9, 9652, 24, 1, '15', 5, 1),
(44914, 9, 9652, 13, 2, '22', 5, 1),
(44915, 9, 9652, 24, 3, '27', 5, 1),
(44916, 1, 9653, 1, 1, '31', 5, 1),
(44917, 1, 9653, 24, 2, '19', 5, 1),
(44918, 2, 9654, 0, 1, '28.4', 5, 1),
(44919, 2, 9654, 23, 2, '10', 5, 1),
(44920, 2, 9654, 9, 3, '41.1', 5, 1),
(44921, 2, 9654, 0, 4, '22', 5, 1),
(44922, 2, 9654, 21, 5, '13', 5, 1),
(44923, 2, 9654, 0, 6, '28', 5, 1),
(44924, 3, 9655, 1, 1, '17', 5, 1),
(44925, 3, 9655, 13, 2, '6', 5, 1),
(44926, 3, 9655, 0, 3, '5', 5, 1),
(44927, 3, 9655, 17, 4, '10', 5, 1),
(44928, 3, 9655, 21, 5, '30', 5, 1),
(44929, 3, 9655, 0, 6, '31', 5, 1),
(44930, 4, 9656, 0, 1, '23', 5, 1),
(44931, 4, 9656, 0, 2, '33', 5, 1),
(44932, 4, 9656, 0, 3, '8', 5, 1),
(44933, 4, 9656, 17, 4, '6', 5, 1),
(44934, 4, 9656, 24, 5, '6', 5, 1),
(44935, 5, 9657, 24, 1, '11', 5, 1),
(44936, 5, 9657, 0, 2, '30', 5, 1),
(44937, 5, 9657, 9, 3, '22', 5, 1),
(44938, 5, 9657, 0, 4, '10', 5, 1),
(44939, 5, 9657, 0, 5, '31', 5, 1),
(44940, 5, 9657, 0, 6, '15', 5, 1),
(44941, 6, 9658, 1, 1, '31', 5, 1),
(44942, 6, 9658, 13, 2, '7', 5, 1),
(44943, 6, 9658, 0, 3, '12', 5, 1),
(44944, 6, 9658, 24, 4, '8', 5, 1),
(44945, 7, 9659, 24, 1, '14', 5, 1),
(44946, 7, 9659, 0, 2, '11', 5, 1),
(44947, 7, 9659, 0, 3, '7', 5, 1),
(44948, 7, 9659, 0, 4, '19', 5, 1),
(44949, 7, 9659, 21, 5, '19', 5, 1),
(44950, 7, 9659, 22, 6, '27', 5, 1),
(44951, 8, 9660, 0, 1, '13', 5, 1),
(44952, 8, 9660, 0, 2, '28', 5, 1),
(44953, 8, 9660, 0, 3, '12', 5, 1),
(44954, 8, 9660, 24, 4, '15', 5, 1),
(44955, 9, 9661, 0, 1, '13', 5, 1),
(44956, 9, 9661, 0, 2, '34', 5, 1),
(44957, 9, 9661, 9, 3, '24', 5, 1),
(44958, 9, 9661, 0, 4, '11', 5, 1),
(44959, 9, 9661, 21, 5, '10', 5, 1),
(44960, 9, 9661, 22, 6, '22', 5, 1),
(44961, 1, 9662, 6, 1, '28', 5, 1),
(44962, 1, 9662, 23, 2, '29', 5, 1),
(44963, 1, 9662, 24, 3, '7', 5, 1),
(44964, 2, 9663, 6, 1, '12', 5, 1),
(44965, 2, 9663, 23, 2, '24', 5, 1),
(44966, 2, 9663, 9, 3, '27', 5, 1),
(44967, 2, 9663, 17, 4, '34', 5, 1),
(44968, 2, 9663, 24, 5, '7', 5, 1),
(44969, 3, 9664, 24, 1, '12', 5, 1),
(44970, 4, 9665, 24, 1, '12', 5, 1),
(44971, 5, 9666, 6, 1, '32.7', 5, 1),
(44972, 5, 9666, 0, 2, '8', 5, 1),
(44973, 5, 9666, 0, 3, '26.4', 5, 1),
(44974, 5, 9666, 17, 4, '14', 5, 1),
(44975, 5, 9666, 0, 5, '21', 5, 1),
(44976, 5, 9666, 22, 6, '23', 5, 1),
(44977, 6, 9667, 1, 1, '5', 5, 1),
(44978, 6, 9667, 23, 2, '28', 5, 1),
(44979, 6, 9667, 0, 3, '13', 5, 1),
(44980, 6, 9667, 17, 4, '21', 5, 1),
(44981, 6, 9667, 0, 5, '5', 5, 1),
(44982, 6, 9667, 0, 6, '25', 5, 1),
(44983, 7, 9668, 1, 1, '41.3', 5, 1),
(44984, 7, 9668, 24, 2, '27', 5, 1),
(44985, 8, 9669, 1, 1, '27', 5, 1),
(44986, 8, 9669, 13, 2, '20', 5, 1),
(44987, 8, 9669, 9, 3, '34', 5, 1),
(44988, 8, 9669, 17, 4, '41.5', 5, 1),
(44989, 8, 9669, 24, 5, '18', 5, 1),
(44990, 9, 9670, 24, 1, '33', 5, 1),
(44991, 9, 9670, 0, 2, '75.1', 5, 1),
(44992, 9, 9670, 24, 3, '29', 5, 1),
(44993, 1, 9671, 0, 1, '28', 5, 1),
(44994, 1, 9671, 23, 2, '32', 5, 1),
(44995, 1, 9671, 9, 3, '56.6', 5, 1),
(44996, 1, 9671, 0, 4, '30', 5, 1),
(44997, 1, 9671, 21, 5, '8', 5, 1),
(44998, 1, 9671, 0, 6, '11', 5, 1),
(44999, 2, 9672, 6, 1, '26', 5, 1),
(45000, 2, 9672, 0, 2, '27', 5, 1),
(45001, 2, 9672, 9, 3, '30', 5, 1),
(45002, 2, 9672, 0, 4, '24', 5, 1),
(45003, 2, 9672, 0, 5, '10', 5, 1),
(45004, 2, 9672, 0, 6, '29', 5, 1),
(45005, 3, 9673, 6, 1, '12', 5, 1),
(45006, 3, 9673, 0, 2, '76.2', 5, 1),
(45007, 3, 9673, 9, 3, '13', 5, 1),
(45008, 3, 9673, 17, 4, '22', 5, 1),
(45009, 3, 9673, 24, 5, '29', 5, 1),
(45010, 4, 9674, 6, 1, '32', 5, 1),
(45011, 4, 9674, 23, 2, '29', 5, 1),
(45012, 4, 9674, 9, 3, '32', 5, 1),
(45013, 4, 9674, 0, 4, '465.5', 5, 1),
(45014, 4, 9674, 21, 5, '9', 5, 1),
(45015, 4, 9674, 22, 6, '28', 5, 1),
(45016, 5, 9675, 0, 1, '26', 5, 1),
(45017, 5, 9675, 0, 2, '12', 5, 1),
(45018, 5, 9675, 0, 3, '6', 5, 1),
(45019, 5, 9675, 17, 4, '34.8', 5, 1),
(45020, 5, 9675, 24, 5, '20', 5, 1),
(45021, 6, 9676, 6, 1, '32', 5, 1),
(45022, 6, 9676, 23, 2, '8', 5, 1),
(45023, 6, 9676, 9, 3, '27', 5, 1),
(45024, 6, 9676, 17, 4, '5', 5, 1),
(45025, 6, 9676, 0, 5, '32', 5, 1),
(45026, 6, 9676, 0, 6, '130', 5, 1),
(45027, 7, 9677, 0, 1, '21', 5, 1),
(45028, 7, 9677, 23, 2, '14', 5, 1),
(45029, 7, 9677, 24, 3, '20', 5, 1),
(45030, 8, 9678, 0, 1, '5.3', 5, 1),
(45031, 8, 9678, 0, 2, '9.8', 5, 1),
(45032, 8, 9678, 9, 3, '30', 5, 1),
(45033, 8, 9678, 0, 4, '29.8', 5, 1),
(45034, 8, 9678, 21, 5, '12', 5, 1),
(45035, 8, 9678, 22, 6, '12', 5, 1),
(45036, 9, 9679, 1, 1, '33', 5, 1),
(45037, 9, 9679, 13, 2, '19', 5, 1),
(45038, 9, 9679, 9, 3, '24', 5, 1),
(45039, 9, 9679, 0, 4, '23', 5, 1),
(45040, 9, 9679, 0, 5, '9', 5, 1),
(45041, 9, 9679, 0, 6, '22.9', 5, 1),
(45042, 1, 9680, 6, 1, '14', 5, 1),
(45043, 1, 9680, 0, 2, '181.6', 5, 1),
(45044, 1, 9680, 24, 3, '8', 5, 1),
(45045, 2, 9681, 0, 1, '30', 5, 1),
(45046, 2, 9681, 13, 2, '25', 5, 1),
(45047, 2, 9681, 0, 3, '29', 5, 1),
(45048, 2, 9681, 17, 4, '14', 5, 1),
(45049, 2, 9681, 0, 5, '28', 5, 1),
(45050, 2, 9681, 22, 6, '14', 5, 1),
(45051, 3, 9682, 0, 1, '21', 5, 1),
(45052, 3, 9682, 13, 2, '20', 5, 1),
(45053, 3, 9682, 0, 3, '29', 5, 1),
(45054, 3, 9682, 0, 4, '22', 5, 1),
(45055, 3, 9682, 0, 5, '16', 5, 1),
(45056, 3, 9682, 0, 6, '13', 5, 1),
(45057, 4, 9683, 6, 1, '76.5', 5, 1),
(45058, 4, 9683, 13, 2, '14', 5, 1),
(45059, 4, 9683, 9, 3, '13', 5, 1),
(45060, 4, 9683, 0, 4, '15', 5, 1),
(45061, 4, 9683, 21, 5, '32', 5, 1),
(45062, 4, 9683, 22, 6, '27', 5, 1),
(45063, 5, 9684, 24, 1, '11', 5, 1),
(45064, 5, 9684, 13, 2, '10', 5, 1),
(45065, 5, 9684, 9, 3, '5', 5, 1),
(45066, 5, 9684, 0, 4, '20', 5, 1),
(45067, 5, 9684, 0, 5, '5', 5, 1),
(45068, 5, 9684, 0, 6, '17', 5, 1),
(45069, 6, 9685, 24, 1, '35', 5, 1),
(45070, 6, 9685, 13, 2, '24', 5, 1),
(45071, 6, 9685, 0, 3, '25', 5, 1),
(45072, 6, 9685, 0, 4, '33', 5, 1),
(45073, 6, 9685, 21, 5, '29', 5, 1),
(45074, 6, 9685, 24, 6, '7', 5, 1),
(45075, 7, 9686, 0, 1, '5', 5, 1),
(45076, 7, 9686, 24, 2, '20', 5, 1),
(45077, 8, 9687, 1, 1, '41.3', 5, 1),
(45078, 8, 9687, 0, 2, '32', 5, 1),
(45079, 8, 9687, 9, 3, '19', 5, 1),
(45080, 8, 9687, 0, 4, '6', 5, 1),
(45081, 8, 9687, 24, 5, '34', 5, 1),
(45082, 9, 9688, 24, 1, '35', 5, 1),
(45083, 1, 9689, 0, 1, '44.1', 5, 1),
(45084, 1, 9689, 13, 2, '24', 5, 1),
(45085, 1, 9689, 24, 3, '14', 5, 1),
(45086, 2, 9690, 24, 1, '35', 5, 1),
(45087, 3, 9691, 24, 1, '1388', 5, 1),
(45088, 3, 9691, 23, 2, '21', 5, 1),
(45089, 3, 9691, 9, 3, '20', 5, 1),
(45090, 3, 9691, 0, 4, '69.1', 5, 1),
(45091, 3, 9691, 0, 5, '9', 5, 1),
(45092, 3, 9691, 22, 6, '15', 5, 1),
(45093, 4, 9692, 0, 1, '26', 5, 1),
(45094, 4, 9692, 0, 2, '31', 5, 1),
(45095, 4, 9692, 0, 3, '32', 5, 1),
(45096, 4, 9692, 0, 4, '17', 5, 1),
(45097, 4, 9692, 0, 5, '22.6', 5, 1),
(45098, 4, 9692, 0, 6, '28', 5, 1),
(45099, 5, 9693, 6, 1, '15', 5, 1),
(45100, 5, 9693, 23, 2, '8', 5, 1),
(45101, 5, 9693, 9, 3, '34', 5, 1),
(45102, 5, 9693, 0, 4, '10', 5, 1),
(45103, 5, 9693, 21, 5, '24', 5, 1),
(45104, 5, 9693, 22, 6, '26', 5, 1),
(45105, 6, 9694, 1, 1, '9', 5, 1),
(45106, 6, 9694, 0, 2, '20.1', 5, 1),
(45107, 6, 9694, 9, 3, '10', 5, 1),
(45108, 6, 9694, 17, 4, '16', 5, 1),
(45109, 6, 9694, 21, 5, '32', 5, 1),
(45110, 6, 9694, 22, 6, '28', 5, 1),
(45111, 7, 9695, 0, 1, '23.3', 5, 1),
(45112, 7, 9695, 13, 2, '25.7', 5, 1),
(45113, 7, 9695, 0, 3, '19', 5, 1),
(45114, 7, 9695, 17, 4, '9', 5, 1),
(45115, 7, 9695, 21, 5, '13', 5, 1),
(45116, 7, 9695, 22, 6, '18', 5, 1),
(45117, 8, 9696, 6, 1, '30.1', 5, 1),
(45118, 8, 9696, 0, 2, '16', 5, 1),
(45119, 8, 9696, 9, 3, '18', 5, 1),
(45120, 8, 9696, 17, 4, '29', 5, 1),
(45121, 8, 9696, 0, 5, '12', 5, 1),
(45122, 8, 9696, 22, 6, '9', 5, 1),
(45123, 9, 9697, 1, 1, '16', 5, 1),
(45124, 9, 9697, 13, 2, '12', 5, 1),
(45125, 9, 9697, 9, 3, '23', 5, 1),
(45126, 9, 9697, 0, 4, '29', 5, 1),
(45127, 9, 9697, 21, 5, '25', 5, 1),
(45128, 9, 9697, 0, 6, '21', 5, 1),
(45129, 1, 9698, 0, 1, '13', 5, 1),
(45130, 1, 9698, 23, 2, '12', 5, 1),
(45131, 1, 9698, 0, 3, '13', 5, 1),
(45132, 1, 9698, 17, 4, '25', 5, 1),
(45133, 1, 9698, 21, 5, '39.2', 5, 1),
(45134, 1, 9698, 0, 6, '33', 5, 1),
(45135, 2, 9699, 24, 1, '21', 5, 1),
(45136, 2, 9699, 0, 2, '10.1', 5, 1),
(45137, 2, 9699, 9, 3, '27', 5, 1),
(45138, 2, 9699, 0, 4, '21', 5, 1),
(45139, 2, 9699, 24, 5, '20', 5, 1),
(45140, 3, 9700, 1, 1, '32', 5, 1),
(45141, 3, 9700, 23, 2, '11', 5, 1),
(45142, 3, 9700, 0, 3, '35', 5, 1),
(45143, 3, 9700, 24, 4, '33', 5, 1),
(45144, 4, 9701, 1, 1, '18', 5, 1),
(45145, 4, 9701, 23, 2, '30', 5, 1),
(45146, 4, 9701, 0, 3, '24', 5, 1),
(45147, 4, 9701, 0, 4, '20', 5, 1),
(45148, 4, 9701, 24, 5, '19', 5, 1),
(45149, 5, 9702, 0, 1, '8', 5, 1),
(45150, 5, 9702, 23, 2, '30', 5, 1),
(45151, 5, 9702, 9, 3, '26', 5, 1),
(45152, 5, 9702, 0, 4, '8', 5, 1),
(45153, 5, 9702, 21, 5, '8', 5, 1),
(45154, 5, 9702, 0, 6, '9', 5, 1),
(45155, 6, 9703, 24, 1, '10', 5, 1),
(45156, 6, 9703, 13, 2, '25', 5, 1),
(45157, 6, 9703, 0, 3, '23', 5, 1),
(45158, 6, 9703, 17, 4, '18', 5, 1),
(45159, 6, 9703, 0, 5, '9', 5, 1),
(45160, 6, 9703, 24, 6, '10', 5, 1),
(45161, 7, 9704, 6, 1, '21.8', 5, 1),
(45162, 7, 9704, 13, 2, '22', 5, 1),
(45163, 7, 9704, 9, 3, '28', 5, 1),
(45164, 7, 9704, 17, 4, '35.7', 5, 1),
(45165, 7, 9704, 21, 5, '18', 5, 1),
(45166, 7, 9704, 0, 6, '14', 5, 1),
(45167, 8, 9705, 0, 1, '33', 5, 1),
(45168, 8, 9705, 23, 2, '10', 5, 1),
(45169, 8, 9705, 0, 3, '16', 5, 1),
(45170, 8, 9705, 24, 4, '16', 5, 1),
(45171, 9, 9706, 6, 1, '35', 5, 1),
(45172, 9, 9706, 13, 2, '5', 5, 1),
(45173, 9, 9706, 0, 3, '13', 5, 1),
(45174, 9, 9706, 17, 4, '35', 5, 1),
(45175, 9, 9706, 24, 5, '31', 5, 1),
(45176, 1, 9707, 0, 1, '17', 5, 1),
(45177, 1, 9707, 13, 2, '19', 5, 1),
(45178, 1, 9707, 0, 3, '35.8', 5, 1),
(45179, 1, 9707, 0, 4, '29.1', 5, 1),
(45180, 1, 9707, 21, 5, '23', 5, 1),
(45181, 1, 9707, 0, 6, '30', 5, 1),
(45182, 2, 9708, 1, 1, '19', 5, 1),
(45183, 2, 9708, 13, 2, '23', 5, 1),
(45184, 2, 9708, 9, 3, '30', 5, 1),
(45185, 2, 9708, 17, 4, '13', 5, 1),
(45186, 2, 9708, 21, 5, '22.5', 5, 1),
(45187, 2, 9708, 0, 6, '35', 5, 1),
(45188, 3, 9709, 6, 1, '22', 5, 1),
(45189, 3, 9709, 23, 2, '29', 5, 1),
(45190, 3, 9709, 0, 3, '6', 5, 1),
(45191, 3, 9709, 0, 4, '10', 5, 1),
(45192, 3, 9709, 24, 5, '21', 5, 1),
(45193, 4, 9710, 24, 1, '15', 5, 1),
(45194, 5, 9711, 6, 1, '29', 5, 1),
(45195, 5, 9711, 13, 2, '15', 5, 1),
(45196, 5, 9711, 9, 3, '7', 5, 1),
(45197, 5, 9711, 0, 4, '9', 5, 1),
(45198, 5, 9711, 21, 5, '8', 5, 1),
(45199, 5, 9711, 22, 6, '7', 5, 1),
(45200, 6, 9712, 24, 1, '25', 5, 1),
(45201, 7, 9713, 24, 1, '20', 5, 1),
(45202, 7, 9713, 13, 2, '26', 5, 1),
(45203, 7, 9713, 0, 3, '30', 5, 1),
(45204, 7, 9713, 0, 4, '33', 5, 1),
(45205, 7, 9713, 24, 5, '17', 5, 1),
(45206, 8, 9714, 24, 1, '15', 5, 1),
(45207, 9, 9715, 24, 1, '29', 5, 1),
(45208, 1, 9716, 24, 1, '17', 5, 1),
(45209, 1, 9716, 0, 2, '9', 5, 1),
(45210, 1, 9716, 9, 3, '15', 5, 1),
(45211, 1, 9716, 17, 4, '22', 5, 1),
(45212, 1, 9716, 21, 5, '34', 5, 1),
(45213, 1, 9716, 22, 6, '5', 5, 1),
(45214, 2, 9717, 6, 1, '46.5', 5, 1),
(45215, 2, 9717, 0, 2, '74.1', 5, 1),
(45216, 2, 9717, 9, 3, '218.5', 5, 1),
(45217, 2, 9717, 17, 4, '31', 5, 1),
(45218, 2, 9717, 0, 5, '203.2', 5, 1),
(45219, 2, 9717, 24, 6, '7', 5, 1),
(45220, 3, 9718, 24, 1, '27', 5, 1),
(45221, 3, 9718, 23, 2, '14', 5, 1),
(45222, 3, 9718, 0, 3, '12', 5, 1),
(45223, 3, 9718, 0, 4, '19', 5, 1),
(45224, 3, 9718, 0, 5, '20', 5, 1),
(45225, 3, 9718, 22, 6, '12', 5, 1),
(45226, 4, 9719, 0, 1, '12', 5, 1),
(45227, 4, 9719, 13, 2, '17', 5, 1),
(45228, 4, 9719, 0, 3, '11', 5, 1),
(45229, 4, 9719, 17, 4, '25', 5, 1),
(45230, 4, 9719, 21, 5, '10', 5, 1),
(45231, 4, 9719, 22, 6, '29', 5, 1),
(45232, 5, 9720, 24, 1, '32', 5, 1),
(45233, 6, 9721, 6, 1, '5', 5, 1),
(45234, 6, 9721, 0, 2, '21', 5, 1),
(45235, 6, 9721, 9, 3, '6', 5, 1),
(45236, 6, 9721, 24, 4, '32', 5, 1),
(45237, 7, 9722, 24, 1, '35', 5, 1),
(45238, 7, 9722, 13, 2, '27', 5, 1),
(45239, 7, 9722, 24, 3, '31', 5, 1),
(45240, 8, 9723, 24, 1, '30', 5, 1),
(45241, 9, 9724, 6, 1, '10', 5, 1),
(45242, 9, 9724, 13, 2, '25', 5, 1),
(45243, 9, 9724, 9, 3, '31', 5, 1),
(45244, 9, 9724, 0, 4, '69.4', 5, 1),
(45245, 9, 9724, 24, 5, '9', 5, 1),
(45246, 1, 9725, 0, 1, '6', 6, 1),
(45247, 1, 9725, 0, 2, '22', 6, 1),
(45248, 1, 9725, 0, 3, '10', 6, 1),
(45249, 1, 9725, 0, 4, '35', 6, 1),
(45250, 1, 9725, 0, 5, '22', 6, 1),
(45251, 1, 9725, 0, 6, '6', 6, 1),
(45252, 2, 9726, 6, 1, '65.4', 6, 1),
(45253, 2, 9726, 23, 2, '34', 6, 1),
(45254, 2, 9726, 0, 3, '23', 6, 1),
(45255, 2, 9726, 17, 4, '7', 6, 1),
(45256, 2, 9726, 0, 5, '29', 6, 1),
(45257, 2, 9726, 22, 6, '90.9', 6, 1),
(45258, 3, 9727, 24, 1, '29', 6, 1),
(45259, 3, 9727, 0, 2, '88', 6, 1),
(45260, 3, 9727, 9, 3, '21', 6, 1),
(45261, 3, 9727, 17, 4, '27', 6, 1),
(45262, 3, 9727, 21, 5, '20', 6, 1),
(45263, 3, 9727, 0, 6, '13', 6, 1),
(45264, 4, 9728, 1, 1, '30', 6, 1),
(45265, 4, 9728, 24, 2, '21', 6, 1),
(45266, 5, 9729, 0, 1, '16', 6, 1),
(45267, 5, 9729, 0, 2, '18', 6, 1),
(45268, 5, 9729, 0, 3, '34', 6, 1),
(45269, 5, 9729, 0, 4, '25', 6, 1),
(45270, 5, 9729, 0, 5, '27', 6, 1),
(45271, 5, 9729, 0, 6, '33', 6, 1),
(45272, 6, 9730, 1, 1, '18', 6, 1),
(45273, 6, 9730, 23, 2, '5', 6, 1),
(45274, 6, 9730, 24, 3, '30', 6, 1),
(45275, 7, 9731, 6, 1, '31', 6, 1),
(45276, 7, 9731, 13, 2, '9', 6, 1),
(45277, 7, 9731, 9, 3, '30', 6, 1),
(45278, 7, 9731, 17, 4, '22.6', 6, 1),
(45279, 7, 9731, 21, 5, '15', 6, 1),
(45280, 7, 9731, 22, 6, '20', 6, 1),
(45281, 8, 9732, 24, 1, '14', 6, 1),
(45282, 8, 9732, 24, 2, '23', 6, 1),
(45283, 9, 9733, 6, 1, '27', 6, 1),
(45284, 9, 9733, 13, 2, '11', 6, 1),
(45285, 9, 9733, 0, 3, '16', 6, 1),
(45286, 9, 9733, 0, 4, '18', 6, 1),
(45287, 9, 9733, 21, 5, '9.1', 6, 1),
(45288, 9, 9733, 22, 6, '33', 6, 1),
(45289, 1, 9734, 6, 1, '29', 6, 1),
(45290, 1, 9734, 0, 2, '45.6', 6, 1),
(45291, 1, 9734, 9, 3, '25', 6, 1),
(45292, 1, 9734, 17, 4, '6', 6, 1),
(45293, 1, 9734, 21, 5, '7', 6, 1),
(45294, 1, 9734, 22, 6, '19', 6, 1),
(45295, 2, 9735, 6, 1, '18', 6, 1),
(45296, 2, 9735, 13, 2, '27', 6, 1),
(45297, 2, 9735, 0, 3, '20', 6, 1),
(45298, 2, 9735, 17, 4, '20', 6, 1),
(45299, 2, 9735, 0, 5, '34.4', 6, 1),
(45300, 2, 9735, 0, 6, '6', 6, 1),
(45301, 3, 9736, 0, 1, '32', 6, 1),
(45302, 3, 9736, 13, 2, '35', 6, 1),
(45303, 3, 9736, 9, 3, '15', 6, 1),
(45304, 3, 9736, 0, 4, '18', 6, 1),
(45305, 3, 9736, 0, 5, '10', 6, 1),
(45306, 3, 9736, 0, 6, '43.2', 6, 1),
(45307, 4, 9737, 1, 1, '5', 6, 1),
(45308, 4, 9737, 24, 2, '5', 6, 1),
(45309, 5, 9738, 24, 1, '20', 6, 1),
(45310, 6, 9739, 6, 1, '9', 6, 1),
(45311, 6, 9739, 13, 2, '16', 6, 1),
(45312, 6, 9739, 0, 3, '6', 6, 1),
(45313, 6, 9739, 17, 4, '10', 6, 1),
(45314, 6, 9739, 21, 5, '10', 6, 1),
(45315, 6, 9739, 22, 6, '7', 6, 1),
(45316, 7, 9740, 0, 1, '31.7', 6, 1),
(45317, 7, 9740, 0, 2, '32', 6, 1),
(45318, 7, 9740, 0, 3, '24.2', 6, 1),
(45319, 7, 9740, 0, 4, '22', 6, 1),
(45320, 7, 9740, 21, 5, '41.2', 6, 1),
(45321, 7, 9740, 24, 6, '9', 6, 1),
(45322, 8, 9741, 1, 1, '13', 6, 1),
(45323, 8, 9741, 13, 2, '5', 6, 1),
(45324, 8, 9741, 9, 3, '15', 6, 1),
(45325, 8, 9741, 17, 4, '16', 6, 1),
(45326, 8, 9741, 21, 5, '38.6', 6, 1),
(45327, 8, 9741, 22, 6, '24', 6, 1),
(45328, 9, 9742, 0, 1, '13.3', 6, 1),
(45329, 9, 9742, 13, 2, '10', 6, 1),
(45330, 9, 9742, 0, 3, '14', 6, 1),
(45331, 9, 9742, 17, 4, '30.8', 6, 1),
(45332, 9, 9742, 21, 5, '8', 6, 1),
(45333, 9, 9742, 0, 6, '28', 6, 1),
(45334, 1, 9743, 1, 1, '8', 6, 1),
(45335, 1, 9743, 23, 2, '22', 6, 1),
(45336, 1, 9743, 0, 3, '34', 6, 1),
(45337, 1, 9743, 24, 4, '24', 6, 1),
(45338, 2, 9744, 24, 1, '17', 6, 1),
(45339, 3, 9745, 0, 1, '25', 6, 1),
(45340, 3, 9745, 0, 2, '21', 6, 1),
(45341, 3, 9745, 9, 3, '11', 6, 1),
(45342, 3, 9745, 24, 4, '27', 6, 1),
(45343, 4, 9746, 6, 1, '32', 6, 1),
(45344, 4, 9746, 0, 2, '15', 6, 1),
(45345, 4, 9746, 0, 3, '107.2', 6, 1),
(45346, 4, 9746, 17, 4, '32.3', 6, 1),
(45347, 4, 9746, 21, 5, '8', 6, 1),
(45348, 4, 9746, 24, 6, '23', 6, 1),
(45349, 5, 9747, 24, 1, '13', 6, 1),
(45350, 6, 9748, 0, 1, '24', 6, 1),
(45351, 6, 9748, 23, 2, '29', 6, 1),
(45352, 6, 9748, 9, 3, '24', 6, 1),
(45353, 6, 9748, 0, 4, '33', 6, 1),
(45354, 6, 9748, 21, 5, '30', 6, 1),
(45355, 6, 9748, 0, 6, '7', 6, 1),
(45356, 7, 9749, 1, 1, '34', 6, 1),
(45357, 7, 9749, 13, 2, '7', 6, 1),
(45358, 7, 9749, 9, 3, '40.7', 6, 1),
(45359, 7, 9749, 24, 4, '10', 6, 1),
(45360, 8, 9750, 0, 1, '11', 6, 1),
(45361, 8, 9750, 0, 2, '20', 6, 1),
(45362, 8, 9750, 9, 3, '9', 6, 1),
(45363, 8, 9750, 17, 4, '21', 6, 1),
(45364, 8, 9750, 0, 5, '18', 6, 1),
(45365, 8, 9750, 22, 6, '13', 6, 1),
(45366, 9, 9751, 6, 1, '30', 6, 1),
(45367, 9, 9751, 13, 2, '19', 6, 1),
(45368, 9, 9751, 0, 3, '8.4', 6, 1),
(45369, 9, 9751, 17, 4, '27.3', 6, 1),
(45370, 9, 9751, 21, 5, '12', 6, 1),
(45371, 9, 9751, 0, 6, '49', 6, 1),
(45372, 1, 9752, 6, 1, '34', 6, 1),
(45373, 1, 9752, 23, 2, '25', 6, 1),
(45374, 1, 9752, 0, 3, '33', 6, 1),
(45375, 1, 9752, 0, 4, '15', 6, 1),
(45376, 1, 9752, 0, 5, '6', 6, 1),
(45377, 1, 9752, 22, 6, '22', 6, 1),
(45378, 2, 9753, 24, 1, '76.2', 6, 1),
(45379, 2, 9753, 0, 2, '28', 6, 1),
(45380, 2, 9753, 0, 3, '33', 6, 1),
(45381, 2, 9753, 0, 4, '25', 6, 1),
(45382, 2, 9753, 0, 5, '30', 6, 1),
(45383, 2, 9753, 24, 6, '28', 6, 1),
(45384, 3, 9754, 1, 1, '11', 6, 1),
(45385, 3, 9754, 24, 2, '17', 6, 1),
(45386, 4, 9755, 0, 1, '7', 6, 1),
(45387, 4, 9755, 0, 2, '28', 6, 1),
(45388, 4, 9755, 9, 3, '30', 6, 1),
(45389, 4, 9755, 17, 4, '31', 6, 1),
(45390, 4, 9755, 21, 5, '35', 6, 1),
(45391, 4, 9755, 0, 6, '28', 6, 1),
(45392, 5, 9756, 0, 1, '13', 6, 1),
(45393, 5, 9756, 0, 2, '9', 6, 1),
(45394, 5, 9756, 0, 3, '19', 6, 1),
(45395, 5, 9756, 17, 4, '30', 6, 1),
(45396, 5, 9756, 0, 5, '14', 6, 1),
(45397, 5, 9756, 22, 6, '21', 6, 1),
(45398, 6, 9757, 6, 1, '22', 6, 1),
(45399, 6, 9757, 0, 2, '5', 6, 1),
(45400, 6, 9757, 0, 3, '34', 6, 1),
(45401, 6, 9757, 17, 4, '5', 6, 1),
(45402, 6, 9757, 21, 5, '93.1', 6, 1),
(45403, 6, 9757, 22, 6, '15', 6, 1),
(45404, 7, 9758, 1, 1, '32.5', 6, 1),
(45405, 7, 9758, 0, 2, '55.2', 6, 1),
(45406, 7, 9758, 0, 3, '33', 6, 1),
(45407, 7, 9758, 0, 4, '26.6', 6, 1),
(45408, 7, 9758, 0, 5, '10', 6, 1),
(45409, 7, 9758, 22, 6, '19.1', 6, 1),
(45410, 8, 9759, 24, 1, '35', 6, 1),
(45411, 8, 9759, 13, 2, '31', 6, 1),
(45412, 8, 9759, 9, 3, '25', 6, 1),
(45413, 8, 9759, 17, 4, '18', 6, 1),
(45414, 8, 9759, 21, 5, '31', 6, 1),
(45415, 8, 9759, 24, 6, '33', 6, 1),
(45416, 9, 9760, 1, 1, '22', 6, 1),
(45417, 9, 9760, 24, 2, '29', 6, 1),
(45418, 1, 9761, 24, 1, '12', 6, 1),
(45419, 1, 9761, 13, 2, '36.9', 6, 1),
(45420, 1, 9761, 0, 3, '6', 6, 1),
(45421, 1, 9761, 0, 4, '12', 6, 1),
(45422, 1, 9761, 21, 5, '30', 6, 1),
(45423, 1, 9761, 0, 6, '30', 6, 1),
(45424, 2, 9762, 1, 1, '32', 6, 1),
(45425, 2, 9762, 23, 2, '6', 6, 1),
(45426, 2, 9762, 0, 3, '34', 6, 1),
(45427, 2, 9762, 0, 4, '25', 6, 1),
(45428, 2, 9762, 21, 5, '44.6', 6, 1),
(45429, 2, 9762, 22, 6, '27', 6, 1),
(45430, 3, 9763, 24, 1, '21', 6, 1),
(45431, 3, 9763, 23, 2, '24', 6, 1),
(45432, 3, 9763, 0, 3, '15', 6, 1),
(45433, 3, 9763, 0, 4, '23', 6, 1),
(45434, 3, 9763, 21, 5, '25', 6, 1),
(45435, 3, 9763, 24, 6, '17', 6, 1),
(45436, 4, 9764, 0, 1, '9.2', 6, 1),
(45437, 4, 9764, 23, 2, '27', 6, 1),
(45438, 4, 9764, 9, 3, '29', 6, 1),
(45439, 4, 9764, 0, 4, '24', 6, 1),
(45440, 4, 9764, 0, 5, '25', 6, 1),
(45441, 4, 9764, 0, 6, '32', 6, 1),
(45442, 5, 9765, 24, 1, '57.4', 6, 1),
(45443, 5, 9765, 0, 2, '27.9', 6, 1),
(45444, 5, 9765, 0, 3, '21', 6, 1),
(45445, 5, 9765, 17, 4, '27', 6, 1),
(45446, 5, 9765, 21, 5, '17', 6, 1),
(45447, 5, 9765, 0, 6, '6', 6, 1),
(45448, 6, 9766, 6, 1, '24', 6, 1),
(45449, 6, 9766, 24, 2, '24', 6, 1),
(45450, 7, 9767, 24, 1, '33', 6, 1),
(45451, 7, 9767, 0, 2, '2899.8', 6, 1),
(45452, 7, 9767, 24, 3, '20', 6, 1),
(45453, 8, 9768, 24, 1, '20', 6, 1),
(45454, 9, 9769, 24, 1, '18', 6, 1),
(45455, 1, 9770, 24, 1, '8', 6, 1),
(45456, 1, 9770, 23, 2, '22', 6, 1),
(45457, 1, 9770, 0, 3, '35', 6, 1),
(45458, 1, 9770, 0, 4, '24', 6, 1),
(45459, 1, 9770, 21, 5, '29.6', 6, 1),
(45460, 1, 9770, 0, 6, '28', 6, 1),
(45461, 2, 9771, 24, 1, '10', 6, 1),
(45462, 2, 9771, 13, 2, '22', 6, 1),
(45463, 2, 9771, 24, 3, '18', 6, 1),
(45464, 3, 9772, 6, 1, '29', 6, 1),
(45465, 3, 9772, 23, 2, '6', 6, 1),
(45466, 3, 9772, 0, 3, '42.5', 6, 1),
(45467, 3, 9772, 17, 4, '35', 6, 1),
(45468, 3, 9772, 21, 5, '22', 6, 1),
(45469, 3, 9772, 0, 6, '26.5', 6, 1),
(45470, 4, 9773, 1, 1, '14', 6, 1),
(45471, 4, 9773, 0, 2, '5', 6, 1),
(45472, 4, 9773, 0, 3, '14', 6, 1),
(45473, 4, 9773, 0, 4, '6', 6, 1),
(45474, 4, 9773, 0, 5, '21', 6, 1),
(45475, 4, 9773, 0, 6, '25', 6, 1),
(45476, 5, 9774, 0, 1, '50.6', 6, 1),
(45477, 5, 9774, 23, 2, '17', 6, 1),
(45478, 5, 9774, 0, 3, '21', 6, 1),
(45479, 5, 9774, 24, 4, '24', 6, 1),
(45480, 6, 9775, 24, 1, '29', 6, 1),
(45481, 7, 9776, 6, 1, '20', 6, 1),
(45482, 7, 9776, 0, 2, '21', 6, 1),
(45483, 7, 9776, 9, 3, '34', 6, 1),
(45484, 7, 9776, 0, 4, '7', 6, 1),
(45485, 7, 9776, 24, 5, '28', 6, 1),
(45486, 8, 9777, 1, 1, '29', 6, 1),
(45487, 8, 9777, 13, 2, '10', 6, 1),
(45488, 8, 9777, 0, 3, '111', 6, 1),
(45489, 8, 9777, 0, 4, '35', 6, 1),
(45490, 8, 9777, 21, 5, '12', 6, 1),
(45491, 8, 9777, 22, 6, '27', 6, 1),
(45492, 9, 9778, 1, 1, '28.9', 6, 1),
(45493, 9, 9778, 23, 2, '51.1', 6, 1),
(45494, 9, 9778, 0, 3, '9', 6, 1),
(45495, 9, 9778, 17, 4, '10', 6, 1),
(45496, 9, 9778, 21, 5, '40.4', 6, 1),
(45497, 9, 9778, 0, 6, '37.4', 6, 1),
(45498, 1, 9779, 0, 1, '29', 6, 1),
(45499, 1, 9779, 23, 2, '16', 6, 1),
(45500, 1, 9779, 9, 3, '28', 6, 1),
(45501, 1, 9779, 0, 4, '23', 6, 1),
(45502, 1, 9779, 0, 5, '8', 6, 1),
(45503, 1, 9779, 24, 6, '7', 6, 1),
(45504, 2, 9780, 6, 1, '32', 6, 1),
(45505, 2, 9780, 13, 2, '15', 6, 1),
(45506, 2, 9780, 0, 3, '20', 6, 1),
(45507, 2, 9780, 17, 4, '33', 6, 1),
(45508, 2, 9780, 0, 5, '28', 6, 1),
(45509, 2, 9780, 22, 6, '22.7', 6, 1),
(45510, 3, 9781, 24, 1, '7', 6, 1),
(45511, 4, 9782, 1, 1, '8', 6, 1),
(45512, 4, 9782, 23, 2, '27', 6, 1),
(45513, 4, 9782, 0, 3, '81.2', 6, 1),
(45514, 4, 9782, 0, 4, '27', 6, 1),
(45515, 4, 9782, 0, 5, '31', 6, 1),
(45516, 4, 9782, 0, 6, '26.2', 6, 1),
(45517, 5, 9783, 1, 1, '24', 6, 1),
(45518, 5, 9783, 0, 2, '47.3', 6, 1),
(45519, 5, 9783, 9, 3, '26', 6, 1),
(45520, 5, 9783, 17, 4, '35', 6, 1),
(45521, 5, 9783, 0, 5, '12', 6, 1),
(45522, 5, 9783, 0, 6, '35', 6, 1),
(45523, 6, 9784, 0, 1, '10', 6, 1),
(45524, 6, 9784, 23, 2, '13', 6, 1),
(45525, 6, 9784, 9, 3, '11', 6, 1),
(45526, 6, 9784, 17, 4, '20', 6, 1),
(45527, 6, 9784, 21, 5, '8', 6, 1),
(45528, 6, 9784, 22, 6, '20', 6, 1),
(45529, 7, 9785, 1, 1, '25', 6, 1),
(45530, 7, 9785, 13, 2, '5', 6, 1),
(45531, 7, 9785, 9, 3, '21', 6, 1),
(45532, 7, 9785, 0, 4, '27', 6, 1),
(45533, 7, 9785, 21, 5, '22', 6, 1),
(45534, 7, 9785, 0, 6, '19', 6, 1),
(45535, 8, 9786, 24, 1, '18', 6, 1),
(45536, 9, 9787, 24, 1, '35', 6, 1),
(45537, 9, 9787, 23, 2, '12', 6, 1),
(45538, 9, 9787, 24, 3, '24', 6, 1),
(45539, 1, 9788, 0, 1, '19', 6, 1),
(45540, 1, 9788, 23, 2, '35', 6, 1),
(45541, 1, 9788, 9, 3, '33', 6, 1),
(45542, 1, 9788, 0, 4, '6', 6, 1),
(45543, 1, 9788, 21, 5, '23', 6, 1),
(45544, 1, 9788, 0, 6, '11', 6, 1),
(45545, 2, 9789, 1, 1, '10', 6, 1),
(45546, 2, 9789, 13, 2, '103.8', 6, 1),
(45547, 2, 9789, 9, 3, '32', 6, 1),
(45548, 2, 9789, 0, 4, '14', 6, 1),
(45549, 2, 9789, 21, 5, '31', 6, 1),
(45550, 2, 9789, 24, 6, '35', 6, 1),
(45551, 3, 9790, 6, 1, '21', 6, 1),
(45552, 3, 9790, 13, 2, '7', 6, 1),
(45553, 3, 9790, 24, 3, '33', 6, 1),
(45554, 4, 9791, 1, 1, '5', 6, 1),
(45555, 4, 9791, 13, 2, '13', 6, 1),
(45556, 4, 9791, 0, 3, '12', 6, 1),
(45557, 4, 9791, 17, 4, '10', 6, 1),
(45558, 4, 9791, 0, 5, '49.5', 6, 1),
(45559, 4, 9791, 22, 6, '23', 6, 1),
(45560, 5, 9792, 0, 1, '17', 6, 1),
(45561, 5, 9792, 0, 2, '35', 6, 1),
(45562, 5, 9792, 24, 3, '29', 6, 1),
(45563, 6, 9793, 24, 1, '8', 6, 1),
(45564, 6, 9793, 13, 2, '35', 6, 1),
(45565, 6, 9793, 9, 3, '13.4', 6, 1),
(45566, 6, 9793, 0, 4, '31', 6, 1),
(45567, 6, 9793, 0, 5, '26', 6, 1),
(45568, 6, 9793, 22, 6, '11', 6, 1),
(45569, 7, 9794, 1, 1, '5', 6, 1),
(45570, 7, 9794, 13, 2, '11', 6, 1),
(45571, 7, 9794, 0, 3, '16', 6, 1),
(45572, 7, 9794, 17, 4, '23', 6, 1),
(45573, 7, 9794, 21, 5, '20', 6, 1),
(45574, 7, 9794, 0, 6, '9', 6, 1),
(45575, 8, 9795, 0, 1, '10', 6, 1),
(45576, 8, 9795, 23, 2, '23', 6, 1),
(45577, 8, 9795, 9, 3, '7', 6, 1),
(45578, 8, 9795, 0, 4, '26', 6, 1),
(45579, 8, 9795, 0, 5, '30.7', 6, 1),
(45580, 8, 9795, 22, 6, '31.8', 6, 1),
(45581, 9, 9796, 24, 1, '31', 6, 1),
(45582, 1, 9797, 0, 1, '24', 6, 1),
(45583, 1, 9797, 13, 2, '29', 6, 1),
(45584, 1, 9797, 9, 3, '33', 6, 1),
(45585, 1, 9797, 17, 4, '22', 6, 1),
(45586, 1, 9797, 0, 5, '23', 6, 1),
(45587, 1, 9797, 0, 6, '22', 6, 1),
(45588, 2, 9798, 1, 1, '18.9', 6, 1),
(45589, 2, 9798, 13, 2, '9', 6, 1),
(45590, 2, 9798, 0, 3, '10', 6, 1),
(45591, 2, 9798, 0, 4, '6', 6, 1),
(45592, 2, 9798, 0, 5, '18', 6, 1),
(45593, 2, 9798, 24, 6, '23', 6, 1),
(45594, 3, 9799, 1, 1, '20', 6, 1),
(45595, 3, 9799, 13, 2, '20', 6, 1),
(45596, 3, 9799, 0, 3, '17', 6, 1),
(45597, 3, 9799, 17, 4, '15', 6, 1),
(45598, 3, 9799, 21, 5, '31', 6, 1),
(45599, 3, 9799, 22, 6, '6', 6, 1),
(45600, 4, 9800, 6, 1, '22', 6, 1),
(45601, 4, 9800, 23, 2, '18', 6, 1),
(45602, 4, 9800, 0, 3, '14', 6, 1),
(45603, 4, 9800, 17, 4, '11.9', 6, 1),
(45604, 4, 9800, 0, 5, '23', 6, 1),
(45605, 4, 9800, 22, 6, '28', 6, 1),
(45606, 5, 9801, 24, 1, '24', 6, 1),
(45607, 6, 9802, 0, 1, '25', 6, 1),
(45608, 6, 9802, 13, 2, '21', 6, 1),
(45609, 6, 9802, 0, 3, '25', 6, 1),
(45610, 6, 9802, 17, 4, '29', 6, 1),
(45611, 6, 9802, 21, 5, '8', 6, 1),
(45612, 6, 9802, 22, 6, '15', 6, 1),
(45613, 7, 9803, 1, 1, '27', 6, 1),
(45614, 7, 9803, 13, 2, '34', 6, 1),
(45615, 7, 9803, 9, 3, '13', 6, 1),
(45616, 7, 9803, 0, 4, '17', 6, 1),
(45617, 7, 9803, 21, 5, '20', 6, 1),
(45618, 7, 9803, 22, 6, '16', 6, 1),
(45619, 8, 9804, 24, 1, '10', 6, 1),
(45620, 9, 9805, 6, 1, '26', 6, 1),
(45621, 9, 9805, 0, 2, '32', 6, 1),
(45622, 9, 9805, 9, 3, '33', 6, 1),
(45623, 9, 9805, 17, 4, '32', 6, 1),
(45624, 9, 9805, 0, 5, '17', 6, 1),
(45625, 9, 9805, 0, 6, '22', 6, 1),
(45626, 1, 9806, 24, 1, '33', 7, 1),
(45627, 1, 9806, 0, 2, '23', 7, 1),
(45628, 1, 9806, 9, 3, '11', 7, 1),
(45629, 1, 9806, 24, 4, '30', 7, 1),
(45630, 2, 9807, 0, 1, '20.5', 7, 1),
(45631, 2, 9807, 23, 2, '9', 7, 1),
(45632, 2, 9807, 9, 3, '27', 7, 1),
(45633, 2, 9807, 24, 4, '30', 7, 1),
(45634, 3, 9808, 24, 1, '11', 7, 1),
(45635, 4, 9809, 24, 1, '21', 7, 1),
(45636, 5, 9810, 6, 1, '44.8', 7, 1),
(45637, 5, 9810, 0, 2, '8', 7, 1),
(45638, 5, 9810, 9, 3, '48.7', 7, 1),
(45639, 5, 9810, 0, 4, '16', 7, 1),
(45640, 5, 9810, 21, 5, '31', 7, 1),
(45641, 5, 9810, 22, 6, '8', 7, 1),
(45642, 6, 9811, 1, 1, '18', 7, 1),
(45643, 6, 9811, 0, 2, '26', 7, 1),
(45644, 6, 9811, 9, 3, '12', 7, 1),
(45645, 6, 9811, 17, 4, '32', 7, 1),
(45646, 6, 9811, 21, 5, '35', 7, 1),
(45647, 6, 9811, 22, 6, '16', 7, 1),
(45648, 7, 9812, 0, 1, '18', 7, 1),
(45649, 7, 9812, 24, 2, '35', 7, 1),
(45650, 8, 9813, 1, 1, '18', 7, 1),
(45651, 8, 9813, 13, 2, '22.5', 7, 1),
(45652, 8, 9813, 9, 3, '24', 7, 1),
(45653, 8, 9813, 17, 4, '35', 7, 1),
(45654, 8, 9813, 0, 5, '8', 7, 1),
(45655, 8, 9813, 0, 6, '5', 7, 1),
(45656, 9, 9814, 1, 1, '8', 7, 1),
(45657, 9, 9814, 13, 2, '17', 7, 1),
(45658, 9, 9814, 9, 3, '15', 7, 1),
(45659, 9, 9814, 17, 4, '33', 7, 1),
(45660, 9, 9814, 0, 5, '22', 7, 1),
(45661, 9, 9814, 0, 6, '13', 7, 1),
(45662, 1, 9815, 24, 1, '21', 7, 1),
(45663, 1, 9815, 24, 2, '13', 7, 1),
(45664, 2, 9816, 24, 1, '31.3', 7, 1),
(45665, 2, 9816, 0, 2, '8', 7, 1),
(45666, 2, 9816, 24, 3, '18', 7, 1),
(45667, 3, 9817, 1, 1, '8', 7, 1),
(45668, 3, 9817, 0, 2, '17', 7, 1),
(45669, 3, 9817, 0, 3, '23.8', 7, 1),
(45670, 3, 9817, 17, 4, '9', 7, 1),
(45671, 3, 9817, 0, 5, '34.2', 7, 1),
(45672, 3, 9817, 24, 6, '28', 7, 1),
(45673, 4, 9818, 24, 1, '15', 7, 1),
(45674, 4, 9818, 0, 2, '29', 7, 1),
(45675, 4, 9818, 0, 3, '20', 7, 1),
(45676, 4, 9818, 17, 4, '15', 7, 1),
(45677, 4, 9818, 24, 5, '24', 7, 1),
(45678, 5, 9819, 0, 1, '28', 7, 1),
(45679, 5, 9819, 13, 2, '28', 7, 1),
(45680, 5, 9819, 0, 3, '28', 7, 1),
(45681, 5, 9819, 17, 4, '20', 7, 1),
(45682, 5, 9819, 0, 5, '10', 7, 1),
(45683, 5, 9819, 22, 6, '25', 7, 1),
(45684, 6, 9820, 0, 1, '18', 7, 1),
(45685, 6, 9820, 13, 2, '5', 7, 1),
(45686, 6, 9820, 0, 3, '66.3', 7, 1),
(45687, 6, 9820, 17, 4, '19', 7, 1),
(45688, 6, 9820, 24, 5, '33', 7, 1),
(45689, 7, 9821, 0, 1, '30', 7, 1),
(45690, 7, 9821, 23, 2, '29', 7, 1),
(45691, 7, 9821, 9, 3, '28', 7, 1),
(45692, 7, 9821, 0, 4, '22', 7, 1),
(45693, 7, 9821, 0, 5, '16', 7, 1),
(45694, 7, 9821, 0, 6, '26', 7, 1),
(45695, 8, 9822, 1, 1, '5', 7, 1),
(45696, 8, 9822, 23, 2, '32.6', 7, 1),
(45697, 8, 9822, 9, 3, '26', 7, 1),
(45698, 8, 9822, 17, 4, '23.5', 7, 1),
(45699, 8, 9822, 21, 5, '193', 7, 1),
(45700, 8, 9822, 22, 6, '13', 7, 1),
(45701, 9, 9823, 6, 1, '34.8', 7, 1),
(45702, 9, 9823, 13, 2, '11', 7, 1),
(45703, 9, 9823, 24, 3, '31', 7, 1),
(45704, 1, 9824, 24, 1, '25', 7, 1),
(45705, 1, 9824, 23, 2, '31', 7, 1),
(45706, 1, 9824, 0, 3, '32', 7, 1),
(45707, 1, 9824, 0, 4, '5', 7, 1),
(45708, 1, 9824, 0, 5, '34', 7, 1),
(45709, 1, 9824, 0, 6, '32', 7, 1),
(45710, 2, 9825, 0, 1, '21', 7, 1),
(45711, 2, 9825, 13, 2, '9', 7, 1),
(45712, 2, 9825, 0, 3, '18', 7, 1),
(45713, 2, 9825, 24, 4, '24', 7, 1),
(45714, 3, 9826, 1, 1, '75.6', 7, 1),
(45715, 3, 9826, 23, 2, '18', 7, 1),
(45716, 3, 9826, 9, 3, '17', 7, 1),
(45717, 3, 9826, 17, 4, '24', 7, 1),
(45718, 3, 9826, 24, 5, '17', 7, 1),
(45719, 4, 9827, 6, 1, '23', 7, 1),
(45720, 4, 9827, 13, 2, '8', 7, 1),
(45721, 4, 9827, 0, 3, '13', 7, 1),
(45722, 4, 9827, 17, 4, '29', 7, 1),
(45723, 4, 9827, 24, 5, '32', 7, 1),
(45724, 5, 9828, 1, 1, '27', 7, 1),
(45725, 5, 9828, 0, 2, '16', 7, 1),
(45726, 5, 9828, 0, 3, '35.5', 7, 1),
(45727, 5, 9828, 24, 4, '7', 7, 1),
(45728, 6, 9829, 6, 1, '25', 7, 1),
(45729, 6, 9829, 13, 2, '30', 7, 1),
(45730, 6, 9829, 0, 3, '6', 7, 1),
(45731, 6, 9829, 0, 4, '24', 7, 1),
(45732, 6, 9829, 0, 5, '13', 7, 1),
(45733, 6, 9829, 0, 6, '9', 7, 1),
(45734, 7, 9830, 0, 1, '5', 7, 1),
(45735, 7, 9830, 23, 2, '7', 7, 1),
(45736, 7, 9830, 0, 3, '7', 7, 1),
(45737, 7, 9830, 0, 4, '16.9', 7, 1),
(45738, 7, 9830, 21, 5, '133.9', 7, 1),
(45739, 7, 9830, 24, 6, '8', 7, 1),
(45740, 8, 9831, 24, 1, '27', 7, 1),
(45741, 8, 9831, 13, 2, '25', 7, 1),
(45742, 8, 9831, 0, 3, '10', 7, 1),
(45743, 8, 9831, 0, 4, '31', 7, 1),
(45744, 8, 9831, 0, 5, '29', 7, 1),
(45745, 8, 9831, 24, 6, '23', 7, 1),
(45746, 9, 9832, 1, 1, '30', 7, 1),
(45747, 9, 9832, 13, 2, '21.9', 7, 1),
(45748, 9, 9832, 0, 3, '27', 7, 1),
(45749, 9, 9832, 0, 4, '6', 7, 1),
(45750, 9, 9832, 21, 5, '7', 7, 1),
(45751, 9, 9832, 22, 6, '22', 7, 1),
(45752, 1, 9833, 6, 1, '25', 7, 1),
(45753, 1, 9833, 13, 2, '8', 7, 1),
(45754, 1, 9833, 0, 3, '9', 7, 1),
(45755, 1, 9833, 17, 4, '19', 7, 1),
(45756, 1, 9833, 0, 5, '34.6', 7, 1),
(45757, 1, 9833, 24, 6, '9', 7, 1),
(45758, 2, 9834, 24, 1, '25', 7, 1),
(45759, 2, 9834, 13, 2, '17', 7, 1),
(45760, 2, 9834, 9, 3, '40.9', 7, 1),
(45761, 2, 9834, 0, 4, '27', 7, 1),
(45762, 2, 9834, 24, 5, '15', 7, 1),
(45763, 3, 9835, 0, 1, '21.8', 7, 1),
(45764, 3, 9835, 23, 2, '22', 7, 1),
(45765, 3, 9835, 9, 3, '23', 7, 1),
(45766, 3, 9835, 0, 4, '21', 7, 1),
(45767, 3, 9835, 21, 5, '23', 7, 1),
(45768, 3, 9835, 22, 6, '20', 7, 1),
(45769, 4, 9836, 24, 1, '20', 7, 1),
(45770, 5, 9837, 1, 1, '29', 7, 1),
(45771, 5, 9837, 0, 2, '41.1', 7, 1),
(45772, 5, 9837, 0, 3, '32', 7, 1),
(45773, 5, 9837, 17, 4, '26', 7, 1),
(45774, 5, 9837, 21, 5, '21', 7, 1),
(45775, 5, 9837, 22, 6, '11', 7, 1),
(45776, 6, 9838, 6, 1, '8', 7, 1),
(45777, 6, 9838, 13, 2, '7', 7, 1),
(45778, 6, 9838, 0, 3, '18', 7, 1),
(45779, 6, 9838, 0, 4, '5', 7, 1),
(45780, 6, 9838, 21, 5, '10', 7, 1),
(45781, 6, 9838, 0, 6, '53.4', 7, 1),
(45782, 7, 9839, 0, 1, '11', 7, 1),
(45783, 7, 9839, 13, 2, '31', 7, 1),
(45784, 7, 9839, 0, 3, '11', 7, 1),
(45785, 7, 9839, 17, 4, '30', 7, 1),
(45786, 7, 9839, 0, 5, '30', 7, 1),
(45787, 7, 9839, 0, 6, '29', 7, 1),
(45788, 8, 9840, 24, 1, '31', 7, 1),
(45789, 8, 9840, 13, 2, '22', 7, 1),
(45790, 8, 9840, 9, 3, '5', 7, 1),
(45791, 8, 9840, 17, 4, '30', 7, 1),
(45792, 8, 9840, 24, 5, '7', 7, 1),
(45793, 9, 9841, 1, 1, '29', 7, 1),
(45794, 9, 9841, 23, 2, '31', 7, 1),
(45795, 9, 9841, 9, 3, '25.2', 7, 1),
(45796, 9, 9841, 0, 4, '7', 7, 1),
(45797, 9, 9841, 21, 5, '34', 7, 1),
(45798, 9, 9841, 0, 6, '34', 7, 1),
(45799, 1, 9842, 0, 1, '30', 7, 1),
(45800, 1, 9842, 13, 2, '28', 7, 1),
(45801, 1, 9842, 0, 3, '20', 7, 1),
(45802, 1, 9842, 17, 4, '12', 7, 1),
(45803, 1, 9842, 0, 5, '27', 7, 1),
(45804, 1, 9842, 0, 6, '9', 7, 1),
(45805, 2, 9843, 1, 1, '12', 7, 1),
(45806, 2, 9843, 0, 2, '28.2', 7, 1),
(45807, 2, 9843, 0, 3, '24', 7, 1),
(45808, 2, 9843, 17, 4, '26.7', 7, 1),
(45809, 2, 9843, 21, 5, '34', 7, 1),
(45810, 2, 9843, 0, 6, '10', 7, 1),
(45811, 3, 9844, 24, 1, '27.7', 7, 1),
(45812, 3, 9844, 23, 2, '11', 7, 1),
(45813, 3, 9844, 0, 3, '8', 7, 1),
(45814, 3, 9844, 0, 4, '21', 7, 1),
(45815, 3, 9844, 0, 5, '19', 7, 1),
(45816, 3, 9844, 0, 6, '16', 7, 1),
(45817, 4, 9845, 6, 1, '11', 7, 1),
(45818, 4, 9845, 13, 2, '19', 7, 1),
(45819, 4, 9845, 9, 3, '117.7', 7, 1),
(45820, 4, 9845, 0, 4, '18', 7, 1),
(45821, 4, 9845, 21, 5, '20', 7, 1),
(45822, 4, 9845, 0, 6, '32', 7, 1),
(45823, 5, 9846, 24, 1, '14', 7, 1),
(45824, 5, 9846, 0, 2, '5', 7, 1),
(45825, 5, 9846, 9, 3, '26', 7, 1),
(45826, 5, 9846, 0, 4, '23', 7, 1),
(45827, 5, 9846, 21, 5, '16', 7, 1),
(45828, 5, 9846, 22, 6, '15', 7, 1),
(45829, 6, 9847, 24, 1, '8', 7, 1),
(45830, 7, 9848, 0, 1, '12', 7, 1),
(45831, 7, 9848, 23, 2, '32', 7, 1),
(45832, 7, 9848, 0, 3, '17', 7, 1),
(45833, 7, 9848, 17, 4, '18', 7, 1),
(45834, 7, 9848, 0, 5, '5', 7, 1),
(45835, 7, 9848, 0, 6, '28', 7, 1),
(45836, 8, 9849, 0, 1, '28', 7, 1),
(45837, 8, 9849, 13, 2, '23', 7, 1),
(45838, 8, 9849, 0, 3, '16', 7, 1),
(45839, 8, 9849, 17, 4, '26', 7, 1),
(45840, 8, 9849, 21, 5, '25', 7, 1),
(45841, 8, 9849, 24, 6, '31', 7, 1),
(45842, 9, 9850, 1, 1, '19.2', 7, 1),
(45843, 9, 9850, 23, 2, '31', 7, 1),
(45844, 9, 9850, 0, 3, '28', 7, 1),
(45845, 9, 9850, 24, 4, '5', 7, 1),
(45846, 1, 9851, 24, 1, '33', 7, 1),
(45847, 1, 9851, 0, 2, '33', 7, 1),
(45848, 1, 9851, 9, 3, '22.3', 7, 1),
(45849, 1, 9851, 17, 4, '34.6', 7, 1),
(45850, 1, 9851, 0, 5, '9', 7, 1),
(45851, 1, 9851, 0, 6, '35', 7, 1),
(45852, 2, 9852, 1, 1, '10', 7, 1),
(45853, 2, 9852, 13, 2, '30', 7, 1),
(45854, 2, 9852, 9, 3, '19', 7, 1),
(45855, 2, 9852, 17, 4, '13', 7, 1),
(45856, 2, 9852, 0, 5, '29', 7, 1),
(45857, 2, 9852, 0, 6, '9', 7, 1),
(45858, 3, 9853, 24, 1, '33', 7, 1),
(45859, 3, 9853, 23, 2, '10', 7, 1),
(45860, 3, 9853, 0, 3, '21', 7, 1),
(45861, 3, 9853, 0, 4, '7', 7, 1),
(45862, 3, 9853, 21, 5, '18', 7, 1),
(45863, 3, 9853, 0, 6, '25', 7, 1),
(45864, 4, 9854, 24, 1, '47.3', 7, 1),
(45865, 4, 9854, 23, 2, '18', 7, 1),
(45866, 4, 9854, 9, 3, '235.6', 7, 1),
(45867, 4, 9854, 0, 4, '12', 7, 1),
(45868, 4, 9854, 21, 5, '27', 7, 1),
(45869, 4, 9854, 24, 6, '28', 7, 1),
(45870, 5, 9855, 1, 1, '22', 7, 1),
(45871, 5, 9855, 0, 2, '33', 7, 1),
(45872, 5, 9855, 0, 3, '33', 7, 1),
(45873, 5, 9855, 17, 4, '37.2', 7, 1),
(45874, 5, 9855, 0, 5, '9', 7, 1),
(45875, 5, 9855, 0, 6, '15', 7, 1),
(45876, 6, 9856, 1, 1, '8', 7, 1),
(45877, 6, 9856, 24, 2, '11', 7, 1),
(45878, 7, 9857, 24, 1, '20', 7, 1),
(45879, 7, 9857, 13, 2, '22', 7, 1),
(45880, 7, 9857, 24, 3, '25', 7, 1),
(45881, 8, 9858, 1, 1, '12', 7, 1),
(45882, 8, 9858, 23, 2, '22', 7, 1),
(45883, 8, 9858, 9, 3, '157.1', 7, 1),
(45884, 8, 9858, 17, 4, '16', 7, 1),
(45885, 8, 9858, 21, 5, '26', 7, 1),
(45886, 8, 9858, 22, 6, '12', 7, 1),
(45887, 9, 9859, 6, 1, '30', 7, 1),
(45888, 9, 9859, 0, 2, '22', 7, 1),
(45889, 9, 9859, 0, 3, '12', 7, 1),
(45890, 9, 9859, 0, 4, '7', 7, 1),
(45891, 9, 9859, 0, 5, '28.5', 7, 1),
(45892, 9, 9859, 22, 6, '15', 7, 1),
(45893, 1, 9860, 24, 1, '15', 7, 1),
(45894, 1, 9860, 0, 2, '28', 7, 1),
(45895, 1, 9860, 0, 3, '7', 7, 1),
(45896, 1, 9860, 0, 4, '14', 7, 1),
(45897, 1, 9860, 21, 5, '31', 7, 1),
(45898, 1, 9860, 22, 6, '26', 7, 1),
(45899, 2, 9861, 0, 1, '15', 7, 1),
(45900, 2, 9861, 23, 2, '27', 7, 1),
(45901, 2, 9861, 0, 3, '15', 7, 1),
(45902, 2, 9861, 17, 4, '8', 7, 1),
(45903, 2, 9861, 21, 5, '22', 7, 1),
(45904, 2, 9861, 0, 6, '24', 7, 1),
(45905, 3, 9862, 0, 1, '1053.6', 7, 1),
(45906, 3, 9862, 13, 2, '25', 7, 1),
(45907, 3, 9862, 0, 3, '22.3', 7, 1),
(45908, 3, 9862, 24, 4, '11', 7, 1),
(45909, 4, 9863, 1, 1, '18', 7, 1),
(45910, 4, 9863, 23, 2, '20.2', 7, 1),
(45911, 4, 9863, 0, 3, '27', 7, 1),
(45912, 4, 9863, 0, 4, '34', 7, 1),
(45913, 4, 9863, 24, 5, '20', 7, 1),
(45914, 5, 9864, 6, 1, '6', 7, 1),
(45915, 5, 9864, 13, 2, '9', 7, 1),
(45916, 5, 9864, 9, 3, '35', 7, 1),
(45917, 5, 9864, 17, 4, '19', 7, 1),
(45918, 5, 9864, 0, 5, '9', 7, 1),
(45919, 5, 9864, 0, 6, '33', 7, 1),
(45920, 6, 9865, 0, 1, '20.1', 7, 1),
(45921, 6, 9865, 23, 2, '6', 7, 1),
(45922, 6, 9865, 9, 3, '27', 7, 1),
(45923, 6, 9865, 17, 4, '11', 7, 1),
(45924, 6, 9865, 21, 5, '27', 7, 1),
(45925, 6, 9865, 22, 6, '34', 7, 1),
(45926, 7, 9866, 6, 1, '9', 7, 1),
(45927, 7, 9866, 13, 2, '35', 7, 1),
(45928, 7, 9866, 9, 3, '27', 7, 1),
(45929, 7, 9866, 17, 4, '7', 7, 1),
(45930, 7, 9866, 21, 5, '12', 7, 1),
(45931, 7, 9866, 22, 6, '49.4', 7, 1),
(45932, 8, 9867, 0, 1, '15', 7, 1),
(45933, 8, 9867, 13, 2, '11', 7, 1),
(45934, 8, 9867, 0, 3, '27', 7, 1),
(45935, 8, 9867, 17, 4, '14', 7, 1),
(45936, 8, 9867, 24, 5, '35', 7, 1),
(45937, 9, 9868, 0, 1, '13', 7, 1),
(45938, 9, 9868, 23, 2, '34', 7, 1),
(45939, 9, 9868, 24, 3, '29', 7, 1),
(45940, 1, 9869, 6, 1, '5', 7, 1),
(45941, 1, 9869, 23, 2, '51.7', 7, 1),
(45942, 1, 9869, 0, 3, '19.2', 7, 1),
(45943, 1, 9869, 0, 4, '33', 7, 1),
(45944, 1, 9869, 24, 5, '27', 7, 1),
(45945, 2, 9870, 24, 1, '32', 7, 1),
(45946, 2, 9870, 24, 2, '23', 7, 1),
(45947, 3, 9871, 1, 1, '28', 7, 1),
(45948, 3, 9871, 24, 2, '26', 7, 1),
(45949, 4, 9872, 24, 1, '14', 7, 1),
(45950, 4, 9872, 0, 2, '18', 7, 1),
(45951, 4, 9872, 9, 3, '31', 7, 1),
(45952, 4, 9872, 0, 4, '16', 7, 1),
(45953, 4, 9872, 21, 5, '88.9', 7, 1),
(45954, 4, 9872, 0, 6, '11.1', 7, 1),
(45955, 5, 9873, 0, 1, '35', 7, 1),
(45956, 5, 9873, 13, 2, '11', 7, 1),
(45957, 5, 9873, 24, 3, '9', 7, 1),
(45958, 6, 9874, 0, 1, '33', 7, 1),
(45959, 6, 9874, 23, 2, '23', 7, 1),
(45960, 6, 9874, 9, 3, '32', 7, 1),
(45961, 6, 9874, 0, 4, '46', 7, 1),
(45962, 6, 9874, 21, 5, '32', 7, 1),
(45963, 6, 9874, 24, 6, '22', 7, 1),
(45964, 7, 9875, 24, 1, '20', 7, 1),
(45965, 7, 9875, 24, 2, '12', 7, 1),
(45966, 8, 9876, 6, 1, '23', 7, 1),
(45967, 8, 9876, 24, 2, '12', 7, 1),
(45968, 9, 9877, 24, 1, '31', 7, 1),
(45969, 1, 9878, 1, 1, '22', 7, 1),
(45970, 1, 9878, 0, 2, '26', 7, 1),
(45971, 1, 9878, 0, 3, '28', 7, 1),
(45972, 1, 9878, 0, 4, '29', 7, 1),
(45973, 1, 9878, 0, 5, '11', 7, 1),
(45974, 1, 9878, 0, 6, '5', 7, 1),
(45975, 2, 9879, 24, 1, '25', 7, 1),
(45976, 2, 9879, 23, 2, '8', 7, 1),
(45977, 2, 9879, 0, 3, '36.2', 7, 1),
(45978, 2, 9879, 0, 4, '27', 7, 1),
(45979, 2, 9879, 24, 5, '8', 7, 1),
(45980, 3, 9880, 1, 1, '19', 7, 1),
(45981, 3, 9880, 0, 2, '22', 7, 1),
(45982, 3, 9880, 9, 3, '7', 7, 1),
(45983, 3, 9880, 0, 4, '7', 7, 1),
(45984, 3, 9880, 24, 5, '11', 7, 1),
(45985, 4, 9881, 6, 1, '5', 7, 1),
(45986, 4, 9881, 13, 2, '31', 7, 1),
(45987, 4, 9881, 24, 3, '9', 7, 1),
(45988, 5, 9882, 24, 1, '10', 7, 1),
(45989, 5, 9882, 13, 2, '23', 7, 1),
(45990, 5, 9882, 0, 3, '27', 7, 1),
(45991, 5, 9882, 17, 4, '31', 7, 1),
(45992, 5, 9882, 24, 5, '31', 7, 1),
(45993, 6, 9883, 0, 1, '26', 7, 1),
(45994, 6, 9883, 13, 2, '187.3', 7, 1),
(45995, 6, 9883, 0, 3, '25.9', 7, 1),
(45996, 6, 9883, 0, 4, '219.8', 7, 1),
(45997, 6, 9883, 21, 5, '46.8', 7, 1),
(45998, 6, 9883, 24, 6, '24', 7, 1),
(45999, 7, 9884, 6, 1, '129', 7, 1),
(46000, 7, 9884, 13, 2, '60.8', 7, 1),
(46001, 7, 9884, 0, 3, '18', 7, 1),
(46002, 7, 9884, 17, 4, '12', 7, 1),
(46003, 7, 9884, 21, 5, '7', 7, 1),
(46004, 7, 9884, 0, 6, '23', 7, 1),
(46005, 8, 9885, 6, 1, '32', 7, 1),
(46006, 8, 9885, 13, 2, '20', 7, 1),
(46007, 8, 9885, 0, 3, '23', 7, 1),
(46008, 8, 9885, 0, 4, '26', 7, 1),
(46009, 8, 9885, 21, 5, '33', 7, 1),
(46010, 8, 9885, 0, 6, '32', 7, 1),
(46011, 9, 9886, 6, 1, '25', 7, 1),
(46012, 9, 9886, 23, 2, '41.4', 7, 1),
(46013, 9, 9886, 0, 3, '27.3', 7, 1),
(46014, 9, 9886, 0, 4, '16', 7, 1),
(46015, 9, 9886, 21, 5, '9', 7, 1),
(46016, 9, 9886, 0, 6, '29', 7, 1),
(46017, 1, 9887, 24, 1, '34', 8, 1),
(46018, 2, 9888, 6, 1, '26', 8, 1),
(46019, 2, 9888, 13, 2, '25', 8, 1),
(46020, 2, 9888, 9, 3, '34', 8, 1),
(46021, 2, 9888, 17, 4, '22', 8, 1),
(46022, 2, 9888, 21, 5, '34', 8, 1),
(46023, 2, 9888, 22, 6, '7', 8, 1),
(46024, 3, 9889, 0, 1, '18', 8, 1),
(46025, 3, 9889, 13, 2, '35', 8, 1),
(46026, 3, 9889, 9, 3, '10', 8, 1),
(46027, 3, 9889, 17, 4, '35', 8, 1),
(46028, 3, 9889, 24, 5, '32', 8, 1),
(46029, 4, 9890, 24, 1, '81', 8, 1),
(46030, 4, 9890, 13, 2, '6', 8, 1),
(46031, 4, 9890, 0, 3, '10', 8, 1),
(46032, 4, 9890, 0, 4, '25', 8, 1),
(46033, 4, 9890, 24, 5, '9', 8, 1),
(46034, 5, 9891, 6, 1, '21', 8, 1),
(46035, 5, 9891, 24, 2, '11', 8, 1),
(46036, 6, 9892, 6, 1, '12', 8, 1),
(46037, 6, 9892, 0, 2, '6', 8, 1),
(46038, 6, 9892, 24, 3, '21', 8, 1),
(46039, 7, 9893, 6, 1, '8', 8, 1),
(46040, 7, 9893, 13, 2, '8', 8, 1),
(46041, 7, 9893, 0, 3, '16', 8, 1),
(46042, 7, 9893, 17, 4, '23', 8, 1),
(46043, 7, 9893, 21, 5, '6', 8, 1),
(46044, 7, 9893, 22, 6, '18', 8, 1),
(46045, 8, 9894, 6, 1, '33', 8, 1),
(46046, 8, 9894, 0, 2, '13', 8, 1),
(46047, 8, 9894, 0, 3, '27', 8, 1),
(46048, 8, 9894, 17, 4, '34', 8, 1),
(46049, 8, 9894, 21, 5, '63.1', 8, 1),
(46050, 8, 9894, 0, 6, '40.3', 8, 1),
(46051, 9, 9895, 24, 1, '27', 8, 1),
(46052, 1, 9896, 0, 1, '23', 8, 1),
(46053, 1, 9896, 0, 2, '30.3', 8, 1),
(46054, 1, 9896, 0, 3, '35', 8, 1),
(46055, 1, 9896, 0, 4, '58.6', 8, 1),
(46056, 1, 9896, 21, 5, '28', 8, 1),
(46057, 1, 9896, 0, 6, '7', 8, 1),
(46058, 2, 9897, 24, 1, '14', 8, 1),
(46059, 2, 9897, 13, 2, '21', 8, 1),
(46060, 2, 9897, 0, 3, '16', 8, 1),
(46061, 2, 9897, 17, 4, '32', 8, 1),
(46062, 2, 9897, 0, 5, '26', 8, 1),
(46063, 2, 9897, 22, 6, '37.9', 8, 1),
(46064, 3, 9898, 6, 1, '20.8', 8, 1),
(46065, 3, 9898, 23, 2, '11', 8, 1),
(46066, 3, 9898, 24, 3, '31', 8, 1),
(46067, 4, 9899, 24, 1, '20', 8, 1),
(46068, 5, 9900, 6, 1, '25', 8, 1),
(46069, 5, 9900, 23, 2, '33', 8, 1),
(46070, 5, 9900, 9, 3, '12.6', 8, 1),
(46071, 5, 9900, 0, 4, '27', 8, 1),
(46072, 5, 9900, 21, 5, '32', 8, 1),
(46073, 5, 9900, 22, 6, '42', 8, 1),
(46074, 6, 9901, 0, 1, '10', 8, 1),
(46075, 6, 9901, 0, 2, '42.8', 8, 1),
(46076, 6, 9901, 0, 3, '53.9', 8, 1),
(46077, 6, 9901, 0, 4, '28', 8, 1),
(46078, 6, 9901, 0, 5, '28', 8, 1),
(46079, 6, 9901, 22, 6, '18', 8, 1),
(46080, 7, 9902, 0, 1, '9', 8, 1),
(46081, 7, 9902, 24, 2, '27', 8, 1),
(46082, 8, 9903, 1, 1, '8', 8, 1),
(46083, 8, 9903, 0, 2, '35', 8, 1),
(46084, 8, 9903, 24, 3, '16', 8, 1),
(46085, 9, 9904, 6, 1, '20', 8, 1),
(46086, 9, 9904, 0, 2, '10', 8, 1),
(46087, 9, 9904, 9, 3, '10', 8, 1),
(46088, 9, 9904, 0, 4, '167.8', 8, 1),
(46089, 9, 9904, 21, 5, '24', 8, 1),
(46090, 9, 9904, 0, 6, '19', 8, 1),
(46091, 1, 9905, 0, 1, '7', 8, 1),
(46092, 1, 9905, 23, 2, '31', 8, 1),
(46093, 1, 9905, 24, 3, '24', 8, 1),
(46094, 2, 9906, 6, 1, '5.2', 8, 1),
(46095, 2, 9906, 13, 2, '16', 8, 1),
(46096, 2, 9906, 9, 3, '34.8', 8, 1),
(46097, 2, 9906, 17, 4, '28', 8, 1),
(46098, 2, 9906, 0, 5, '23', 8, 1),
(46099, 2, 9906, 22, 6, '19', 8, 1),
(46100, 3, 9907, 6, 1, '23', 8, 1),
(46101, 3, 9907, 23, 2, '71.3', 8, 1),
(46102, 3, 9907, 0, 3, '19', 8, 1),
(46103, 3, 9907, 0, 4, '19', 8, 1),
(46104, 3, 9907, 24, 5, '5', 8, 1),
(46105, 4, 9908, 24, 1, '21', 8, 1),
(46106, 5, 9909, 6, 1, '11', 8, 1),
(46107, 5, 9909, 13, 2, '15', 8, 1),
(46108, 5, 9909, 9, 3, '18', 8, 1),
(46109, 5, 9909, 0, 4, '14', 8, 1),
(46110, 5, 9909, 0, 5, '8', 8, 1),
(46111, 5, 9909, 22, 6, '23', 8, 1),
(46112, 6, 9910, 24, 1, '34', 8, 1),
(46113, 7, 9911, 24, 1, '23', 8, 1),
(46114, 7, 9911, 23, 2, '22', 8, 1),
(46115, 7, 9911, 0, 3, '7', 8, 1),
(46116, 7, 9911, 0, 4, '12', 8, 1),
(46117, 7, 9911, 24, 5, '23', 8, 1),
(46118, 8, 9912, 1, 1, '9', 8, 1),
(46119, 8, 9912, 23, 2, '13', 8, 1),
(46120, 8, 9912, 9, 3, '19', 8, 1),
(46121, 8, 9912, 17, 4, '28', 8, 1),
(46122, 8, 9912, 21, 5, '24.7', 8, 1),
(46123, 8, 9912, 22, 6, '25', 8, 1),
(46124, 9, 9913, 24, 1, '313.2', 8, 1),
(46125, 9, 9913, 13, 2, '35', 8, 1),
(46126, 9, 9913, 9, 3, '35', 8, 1),
(46127, 9, 9913, 17, 4, '67.5', 8, 1),
(46128, 9, 9913, 21, 5, '22', 8, 1),
(46129, 9, 9913, 22, 6, '203.6', 8, 1),
(46130, 1, 9914, 24, 1, '17', 8, 1),
(46131, 1, 9914, 13, 2, '35', 8, 1),
(46132, 1, 9914, 0, 3, '83.8', 8, 1),
(46133, 1, 9914, 24, 4, '27', 8, 1),
(46134, 2, 9915, 0, 1, '412.2', 8, 1),
(46135, 2, 9915, 0, 2, '10', 8, 1),
(46136, 2, 9915, 0, 3, '22', 8, 1),
(46137, 2, 9915, 17, 4, '24', 8, 1),
(46138, 2, 9915, 0, 5, '10', 8, 1),
(46139, 2, 9915, 0, 6, '21', 8, 1),
(46140, 3, 9916, 0, 1, '23', 8, 1),
(46141, 3, 9916, 0, 2, '25', 8, 1),
(46142, 3, 9916, 0, 3, '23', 8, 1),
(46143, 3, 9916, 24, 4, '28', 8, 1),
(46144, 4, 9917, 24, 1, '19', 8, 1),
(46145, 4, 9917, 13, 2, '39.5', 8, 1),
(46146, 4, 9917, 0, 3, '30', 8, 1),
(46147, 4, 9917, 0, 4, '29', 8, 1),
(46148, 4, 9917, 21, 5, '15', 8, 1),
(46149, 4, 9917, 22, 6, '5', 8, 1),
(46150, 5, 9918, 24, 1, '27', 8, 1),
(46151, 5, 9918, 13, 2, '35', 8, 1),
(46152, 5, 9918, 0, 3, '39.3', 8, 1),
(46153, 5, 9918, 0, 4, '32', 8, 1),
(46154, 5, 9918, 0, 5, '9', 8, 1),
(46155, 5, 9918, 0, 6, '31', 8, 1),
(46156, 6, 9919, 1, 1, '27', 8, 1),
(46157, 6, 9919, 24, 2, '5', 8, 1),
(46158, 7, 9920, 1, 1, '31', 8, 1),
(46159, 7, 9920, 0, 2, '18', 8, 1),
(46160, 7, 9920, 0, 3, '22', 8, 1),
(46161, 7, 9920, 24, 4, '5', 8, 1),
(46162, 8, 9921, 6, 1, '31', 8, 1),
(46163, 8, 9921, 23, 2, '6', 8, 1),
(46164, 8, 9921, 9, 3, '25.4', 8, 1),
(46165, 8, 9921, 0, 4, '34', 8, 1),
(46166, 8, 9921, 21, 5, '18', 8, 1),
(46167, 8, 9921, 22, 6, '32', 8, 1),
(46168, 9, 9922, 24, 1, '30', 8, 1),
(46169, 9, 9922, 13, 2, '18.8', 8, 1),
(46170, 9, 9922, 0, 3, '26.6', 8, 1),
(46171, 9, 9922, 17, 4, '7', 8, 1),
(46172, 9, 9922, 21, 5, '58.9', 8, 1),
(46173, 9, 9922, 0, 6, '11', 8, 1),
(46174, 1, 9923, 0, 1, '18', 8, 1),
(46175, 1, 9923, 0, 2, '17', 8, 1),
(46176, 1, 9923, 9, 3, '32', 8, 1),
(46177, 1, 9923, 17, 4, '6', 8, 1),
(46178, 1, 9923, 21, 5, '24', 8, 1),
(46179, 1, 9923, 22, 6, '31', 8, 1),
(46180, 2, 9924, 1, 1, '18', 8, 1),
(46181, 2, 9924, 13, 2, '56.5', 8, 1),
(46182, 2, 9924, 9, 3, '26', 8, 1),
(46183, 2, 9924, 17, 4, '40.6', 8, 1),
(46184, 2, 9924, 21, 5, '31', 8, 1),
(46185, 2, 9924, 0, 6, '25', 8, 1),
(46186, 3, 9925, 24, 1, '32', 8, 1),
(46187, 3, 9925, 0, 2, '10', 8, 1),
(46188, 3, 9925, 0, 3, '78.4', 8, 1),
(46189, 3, 9925, 0, 4, '34', 8, 1),
(46190, 3, 9925, 0, 5, '17', 8, 1),
(46191, 3, 9925, 0, 6, '5', 8, 1),
(46192, 4, 9926, 6, 1, '195.2', 8, 1),
(46193, 4, 9926, 24, 2, '29', 8, 1),
(46194, 5, 9927, 24, 1, '16', 8, 1),
(46195, 5, 9927, 23, 2, '20', 8, 1),
(46196, 5, 9927, 9, 3, '17', 8, 1),
(46197, 5, 9927, 17, 4, '26.7', 8, 1),
(46198, 5, 9927, 21, 5, '14', 8, 1),
(46199, 5, 9927, 0, 6, '28', 8, 1),
(46200, 6, 9928, 0, 1, '11', 8, 1),
(46201, 6, 9928, 13, 2, '20', 8, 1),
(46202, 6, 9928, 0, 3, '39.7', 8, 1),
(46203, 6, 9928, 0, 4, '11', 8, 1),
(46204, 6, 9928, 0, 5, '18', 8, 1),
(46205, 6, 9928, 0, 6, '31', 8, 1),
(46206, 7, 9929, 6, 1, '23', 8, 1),
(46207, 7, 9929, 0, 2, '13', 8, 1),
(46208, 7, 9929, 0, 3, '34', 8, 1),
(46209, 7, 9929, 17, 4, '11', 8, 1),
(46210, 7, 9929, 21, 5, '10', 8, 1),
(46211, 7, 9929, 24, 6, '17', 8, 1),
(46212, 8, 9930, 0, 1, '35', 8, 1),
(46213, 8, 9930, 13, 2, '20', 8, 1),
(46214, 8, 9930, 0, 3, '18', 8, 1),
(46215, 8, 9930, 17, 4, '27', 8, 1),
(46216, 8, 9930, 21, 5, '32', 8, 1),
(46217, 8, 9930, 24, 6, '30', 8, 1),
(46218, 9, 9931, 0, 1, '15', 8, 1),
(46219, 9, 9931, 24, 2, '21', 8, 1),
(46220, 1, 9932, 6, 1, '11', 8, 1),
(46221, 1, 9932, 13, 2, '7', 8, 1),
(46222, 1, 9932, 0, 3, '34', 8, 1),
(46223, 1, 9932, 0, 4, '5', 8, 1),
(46224, 1, 9932, 0, 5, '63.9', 8, 1),
(46225, 1, 9932, 22, 6, '32', 8, 1),
(46226, 2, 9933, 1, 1, '12', 8, 1),
(46227, 2, 9933, 23, 2, '22', 8, 1),
(46228, 2, 9933, 24, 3, '16', 8, 1),
(46229, 3, 9934, 6, 1, '28', 8, 1),
(46230, 3, 9934, 23, 2, '26', 8, 1),
(46231, 3, 9934, 9, 3, '14', 8, 1);
INSERT INTO `actividades` (`id_record`, `id_modulo`, `id_orden`, `id_problema`, `id_operacion`, `tiempo`, `ejecucion`, `active`) VALUES
(46232, 3, 9934, 0, 4, '34', 8, 1),
(46233, 3, 9934, 21, 5, '19', 8, 1),
(46234, 3, 9934, 24, 6, '10', 8, 1),
(46235, 4, 9935, 24, 1, '26', 8, 1),
(46236, 4, 9935, 0, 2, '29', 8, 1),
(46237, 4, 9935, 9, 3, '25', 8, 1),
(46238, 4, 9935, 0, 4, '35', 8, 1),
(46239, 4, 9935, 21, 5, '5', 8, 1),
(46240, 4, 9935, 0, 6, '20', 8, 1),
(46241, 5, 9936, 24, 1, '23', 8, 1),
(46242, 5, 9936, 13, 2, '6', 8, 1),
(46243, 5, 9936, 0, 3, '9.2', 8, 1),
(46244, 5, 9936, 0, 4, '13', 8, 1),
(46245, 5, 9936, 21, 5, '11', 8, 1),
(46246, 5, 9936, 22, 6, '24.5', 8, 1),
(46247, 6, 9937, 24, 1, '21', 8, 1),
(46248, 7, 9938, 6, 1, '27', 8, 1),
(46249, 7, 9938, 23, 2, '57.4', 8, 1),
(46250, 7, 9938, 9, 3, '93.1', 8, 1),
(46251, 7, 9938, 17, 4, '28', 8, 1),
(46252, 7, 9938, 21, 5, '12', 8, 1),
(46253, 7, 9938, 22, 6, '58', 8, 1),
(46254, 8, 9939, 0, 1, '19', 8, 1),
(46255, 8, 9939, 23, 2, '31', 8, 1),
(46256, 8, 9939, 9, 3, '27', 8, 1),
(46257, 8, 9939, 0, 4, '31', 8, 1),
(46258, 8, 9939, 21, 5, '25', 8, 1),
(46259, 8, 9939, 0, 6, '34', 8, 1),
(46260, 9, 9940, 24, 1, '7', 8, 1),
(46261, 9, 9940, 13, 2, '32', 8, 1),
(46262, 9, 9940, 0, 3, '27', 8, 1),
(46263, 9, 9940, 24, 4, '17', 8, 1),
(46264, 1, 9941, 1, 1, '34', 8, 1),
(46265, 1, 9941, 0, 2, '18', 8, 1),
(46266, 1, 9941, 9, 3, '78.4', 8, 1),
(46267, 1, 9941, 17, 4, '26', 8, 1),
(46268, 1, 9941, 21, 5, '19.1', 8, 1),
(46269, 1, 9941, 0, 6, '44.4', 8, 1),
(46270, 2, 9942, 6, 1, '23', 8, 1),
(46271, 2, 9942, 23, 2, '23', 8, 1),
(46272, 2, 9942, 9, 3, '19.5', 8, 1),
(46273, 2, 9942, 24, 4, '16', 8, 1),
(46274, 3, 9943, 1, 1, '20', 8, 1),
(46275, 3, 9943, 23, 2, '52', 8, 1),
(46276, 3, 9943, 9, 3, '15', 8, 1),
(46277, 3, 9943, 17, 4, '24', 8, 1),
(46278, 3, 9943, 21, 5, '24', 8, 1),
(46279, 3, 9943, 0, 6, '10', 8, 1),
(46280, 4, 9944, 1, 1, '24', 8, 1),
(46281, 4, 9944, 0, 2, '29', 8, 1),
(46282, 4, 9944, 9, 3, '7', 8, 1),
(46283, 4, 9944, 0, 4, '19.4', 8, 1),
(46284, 4, 9944, 21, 5, '32', 8, 1),
(46285, 4, 9944, 22, 6, '32', 8, 1),
(46286, 5, 9945, 6, 1, '6', 8, 1),
(46287, 5, 9945, 13, 2, '25', 8, 1),
(46288, 5, 9945, 0, 3, '10', 8, 1),
(46289, 5, 9945, 0, 4, '19', 8, 1),
(46290, 5, 9945, 21, 5, '19', 8, 1),
(46291, 5, 9945, 0, 6, '19', 8, 1),
(46292, 6, 9946, 6, 1, '16', 8, 1),
(46293, 6, 9946, 0, 2, '18', 8, 1),
(46294, 6, 9946, 0, 3, '23', 8, 1),
(46295, 6, 9946, 0, 4, '9', 8, 1),
(46296, 6, 9946, 0, 5, '8', 8, 1),
(46297, 6, 9946, 0, 6, '33', 8, 1),
(46298, 7, 9947, 1, 1, '25', 8, 1),
(46299, 7, 9947, 0, 2, '16', 8, 1),
(46300, 7, 9947, 24, 3, '27', 8, 1),
(46301, 8, 9948, 6, 1, '68.1', 8, 1),
(46302, 8, 9948, 23, 2, '28', 8, 1),
(46303, 8, 9948, 0, 3, '20', 8, 1),
(46304, 8, 9948, 0, 4, '18', 8, 1),
(46305, 8, 9948, 0, 5, '30', 8, 1),
(46306, 8, 9948, 24, 6, '17', 8, 1),
(46307, 9, 9949, 1, 1, '26', 8, 1),
(46308, 9, 9949, 13, 2, '10', 8, 1),
(46309, 9, 9949, 9, 3, '9', 8, 1),
(46310, 9, 9949, 0, 4, '8', 8, 1),
(46311, 9, 9949, 21, 5, '12', 8, 1),
(46312, 9, 9949, 24, 6, '7', 8, 1),
(46313, 1, 9950, 6, 1, '24', 8, 1),
(46314, 1, 9950, 23, 2, '69.9', 8, 1),
(46315, 1, 9950, 9, 3, '13', 8, 1),
(46316, 1, 9950, 17, 4, '13', 8, 1),
(46317, 1, 9950, 21, 5, '7', 8, 1),
(46318, 1, 9950, 0, 6, '11', 8, 1),
(46319, 2, 9951, 0, 1, '44.6', 8, 1),
(46320, 2, 9951, 0, 2, '7', 8, 1),
(46321, 2, 9951, 0, 3, '8', 8, 1),
(46322, 2, 9951, 0, 4, '6', 8, 1),
(46323, 2, 9951, 24, 5, '22', 8, 1),
(46324, 3, 9952, 24, 1, '7', 8, 1),
(46325, 4, 9953, 1, 1, '20', 8, 1),
(46326, 4, 9953, 13, 2, '11', 8, 1),
(46327, 4, 9953, 9, 3, '8', 8, 1),
(46328, 4, 9953, 0, 4, '26', 8, 1),
(46329, 4, 9953, 0, 5, '40.6', 8, 1),
(46330, 4, 9953, 0, 6, '32.1', 8, 1),
(46331, 5, 9954, 6, 1, '16', 8, 1),
(46332, 5, 9954, 24, 2, '28', 8, 1),
(46333, 6, 9955, 24, 1, '34', 8, 1),
(46334, 7, 9956, 0, 1, '23', 8, 1),
(46335, 7, 9956, 23, 2, '20', 8, 1),
(46336, 7, 9956, 9, 3, '30', 8, 1),
(46337, 7, 9956, 24, 4, '15', 8, 1),
(46338, 8, 9957, 0, 1, '25', 8, 1),
(46339, 8, 9957, 24, 2, '31', 8, 1),
(46340, 9, 9958, 1, 1, '25', 8, 1),
(46341, 9, 9958, 24, 2, '33', 8, 1),
(46342, 1, 9959, 24, 1, '24', 8, 1),
(46343, 2, 9960, 0, 1, '22', 8, 1),
(46344, 2, 9960, 23, 2, '10', 8, 1),
(46345, 2, 9960, 0, 3, '5', 8, 1),
(46346, 2, 9960, 0, 4, '52.7', 8, 1),
(46347, 2, 9960, 0, 5, '28', 8, 1),
(46348, 2, 9960, 22, 6, '30', 8, 1),
(46349, 3, 9961, 0, 1, '33', 8, 1),
(46350, 3, 9961, 13, 2, '20', 8, 1),
(46351, 3, 9961, 0, 3, '19', 8, 1),
(46352, 3, 9961, 0, 4, '16', 8, 1),
(46353, 3, 9961, 21, 5, '9', 8, 1),
(46354, 3, 9961, 24, 6, '12', 8, 1),
(46355, 4, 9962, 24, 1, '12', 8, 1),
(46356, 5, 9963, 6, 1, '17', 8, 1),
(46357, 5, 9963, 0, 2, '26', 8, 1),
(46358, 5, 9963, 24, 3, '21', 8, 1),
(46359, 6, 9964, 0, 1, '7', 8, 1),
(46360, 6, 9964, 0, 2, '34', 8, 1),
(46361, 6, 9964, 0, 3, '72.2', 8, 1),
(46362, 6, 9964, 17, 4, '9', 8, 1),
(46363, 6, 9964, 0, 5, '26', 8, 1),
(46364, 6, 9964, 22, 6, '10', 8, 1),
(46365, 7, 9965, 6, 1, '20', 8, 1),
(46366, 7, 9965, 13, 2, '34', 8, 1),
(46367, 7, 9965, 0, 3, '17', 8, 1),
(46368, 7, 9965, 0, 4, '10', 8, 1),
(46369, 7, 9965, 21, 5, '9', 8, 1),
(46370, 7, 9965, 0, 6, '24', 8, 1),
(46371, 8, 9966, 0, 1, '19', 8, 1),
(46372, 8, 9966, 13, 2, '6', 8, 1),
(46373, 8, 9966, 0, 3, '9', 8, 1),
(46374, 8, 9966, 17, 4, '9', 8, 1),
(46375, 8, 9966, 24, 5, '32', 8, 1),
(46376, 9, 9967, 24, 1, '28', 8, 1),
(46377, 1, 9968, 6, 1, '34', 9, 1),
(46378, 1, 9968, 0, 2, '16', 9, 1),
(46379, 1, 9968, 0, 3, '15', 9, 1),
(46380, 1, 9968, 17, 4, '16', 9, 1),
(46381, 1, 9968, 0, 5, '24', 9, 1),
(46382, 1, 9968, 22, 6, '25', 9, 1),
(46383, 2, 9969, 6, 1, '22', 9, 1),
(46384, 2, 9969, 23, 2, '34', 9, 1),
(46385, 2, 9969, 0, 3, '33', 9, 1),
(46386, 2, 9969, 17, 4, '5', 9, 1),
(46387, 2, 9969, 21, 5, '17', 9, 1),
(46388, 2, 9969, 0, 6, '23', 9, 1),
(46389, 3, 9970, 1, 1, '29', 9, 1),
(46390, 3, 9970, 0, 2, '19', 9, 1),
(46391, 3, 9970, 24, 3, '30', 9, 1),
(46392, 4, 9971, 1, 1, '20202.5', 9, 1),
(46393, 4, 9971, 0, 2, '20', 9, 1),
(46394, 4, 9971, 0, 3, '25', 9, 1),
(46395, 4, 9971, 0, 4, '18', 9, 1),
(46396, 4, 9971, 21, 5, '23', 9, 1),
(46397, 4, 9971, 0, 6, '14', 9, 1),
(46398, 5, 9972, 24, 1, '14', 9, 1),
(46399, 5, 9972, 13, 2, '31', 9, 1),
(46400, 5, 9972, 9, 3, '26.9', 9, 1),
(46401, 5, 9972, 0, 4, '13', 9, 1),
(46402, 5, 9972, 24, 5, '6', 9, 1),
(46403, 6, 9973, 6, 1, '60', 9, 1),
(46404, 6, 9973, 0, 2, '11', 9, 1),
(46405, 6, 9973, 0, 3, '12', 9, 1),
(46406, 6, 9973, 17, 4, '53.7', 9, 1),
(46407, 6, 9973, 21, 5, '24', 9, 1),
(46408, 6, 9973, 0, 6, '22', 9, 1),
(46409, 7, 9974, 6, 1, '29', 9, 1),
(46410, 7, 9974, 23, 2, '12.9', 9, 1),
(46411, 7, 9974, 24, 3, '19', 9, 1),
(46412, 8, 9975, 0, 1, '23', 9, 1),
(46413, 8, 9975, 23, 2, '7.5', 9, 1),
(46414, 8, 9975, 0, 3, '32', 9, 1),
(46415, 8, 9975, 17, 4, '7', 9, 1),
(46416, 8, 9975, 21, 5, '33', 9, 1),
(46417, 8, 9975, 0, 6, '25', 9, 1),
(46418, 9, 9976, 24, 1, '5', 9, 1),
(46419, 9, 9976, 23, 2, '10', 9, 1),
(46420, 9, 9976, 0, 3, '32', 9, 1),
(46421, 9, 9976, 17, 4, '16', 9, 1),
(46422, 9, 9976, 21, 5, '15', 9, 1),
(46423, 9, 9976, 0, 6, '5', 9, 1),
(46424, 1, 9977, 6, 1, '7', 9, 1),
(46425, 1, 9977, 13, 2, '30', 9, 1),
(46426, 1, 9977, 0, 3, '32', 9, 1),
(46427, 1, 9977, 0, 4, '22', 9, 1),
(46428, 1, 9977, 24, 5, '20', 9, 1),
(46429, 2, 9978, 24, 1, '25', 9, 1),
(46430, 2, 9978, 24, 2, '7', 9, 1),
(46431, 3, 9979, 6, 1, '20', 9, 1),
(46432, 3, 9979, 23, 2, '31', 9, 1),
(46433, 3, 9979, 9, 3, '7', 9, 1),
(46434, 3, 9979, 17, 4, '7', 9, 1),
(46435, 3, 9979, 21, 5, '16', 9, 1),
(46436, 3, 9979, 24, 6, '33', 9, 1),
(46437, 4, 9980, 0, 1, '10', 9, 1),
(46438, 4, 9980, 0, 2, '43.4', 9, 1),
(46439, 4, 9980, 9, 3, '9', 9, 1),
(46440, 4, 9980, 0, 4, '35', 9, 1),
(46441, 4, 9980, 21, 5, '14', 9, 1),
(46442, 4, 9980, 0, 6, '27', 9, 1),
(46443, 5, 9981, 24, 1, '15', 9, 1),
(46444, 5, 9981, 13, 2, '27', 9, 1),
(46445, 5, 9981, 9, 3, '5', 9, 1),
(46446, 5, 9981, 17, 4, '29', 9, 1),
(46447, 5, 9981, 0, 5, '10.6', 9, 1),
(46448, 5, 9981, 0, 6, '13', 9, 1),
(46449, 6, 9982, 24, 1, '8', 9, 1),
(46450, 7, 9983, 0, 1, '30', 9, 1),
(46451, 7, 9983, 0, 2, '33', 9, 1),
(46452, 7, 9983, 9, 3, '22', 9, 1),
(46453, 7, 9983, 24, 4, '35', 9, 1),
(46454, 8, 9984, 24, 1, '11', 9, 1),
(46455, 8, 9984, 13, 2, '19', 9, 1),
(46456, 8, 9984, 24, 3, '24', 9, 1),
(46457, 9, 9985, 24, 1, '13', 9, 1),
(46458, 9, 9985, 13, 2, '16', 9, 1),
(46459, 9, 9985, 0, 3, '58.1', 9, 1),
(46460, 9, 9985, 17, 4, '563.9', 9, 1),
(46461, 9, 9985, 21, 5, '12', 9, 1),
(46462, 9, 9985, 0, 6, '154.5', 9, 1),
(46463, 1, 9986, 24, 1, '7', 9, 1),
(46464, 1, 9986, 0, 2, '27', 9, 1),
(46465, 1, 9986, 0, 3, '57.9', 9, 1),
(46466, 1, 9986, 0, 4, '13', 9, 1),
(46467, 1, 9986, 21, 5, '86.6', 9, 1),
(46468, 1, 9986, 0, 6, '18', 9, 1),
(46469, 2, 9987, 6, 1, '35', 9, 1),
(46470, 2, 9987, 0, 2, '20', 9, 1),
(46471, 2, 9987, 0, 3, '37.2', 9, 1),
(46472, 2, 9987, 0, 4, '18', 9, 1),
(46473, 2, 9987, 0, 5, '13', 9, 1),
(46474, 2, 9987, 24, 6, '23', 9, 1),
(46475, 3, 9988, 1, 1, '16', 9, 1),
(46476, 3, 9988, 23, 2, '29', 9, 1),
(46477, 3, 9988, 9, 3, '33', 9, 1),
(46478, 3, 9988, 0, 4, '6', 9, 1),
(46479, 3, 9988, 21, 5, '6', 9, 1),
(46480, 3, 9988, 0, 6, '13', 9, 1),
(46481, 4, 9989, 0, 1, '21', 9, 1),
(46482, 4, 9989, 0, 2, '10', 9, 1),
(46483, 4, 9989, 0, 3, '7', 9, 1),
(46484, 4, 9989, 17, 4, '44.1', 9, 1),
(46485, 4, 9989, 21, 5, '17', 9, 1),
(46486, 4, 9989, 22, 6, '13', 9, 1),
(46487, 5, 9990, 6, 1, '27', 9, 1),
(46488, 5, 9990, 0, 2, '35.5', 9, 1),
(46489, 5, 9990, 0, 3, '5', 9, 1),
(46490, 5, 9990, 24, 4, '11', 9, 1),
(46491, 6, 9991, 6, 1, '29', 9, 1),
(46492, 6, 9991, 13, 2, '30', 9, 1),
(46493, 6, 9991, 9, 3, '5', 9, 1),
(46494, 6, 9991, 0, 4, '23', 9, 1),
(46495, 6, 9991, 21, 5, '13', 9, 1),
(46496, 6, 9991, 0, 6, '14', 9, 1),
(46497, 7, 9992, 0, 1, '15', 9, 1),
(46498, 7, 9992, 23, 2, '26', 9, 1),
(46499, 7, 9992, 0, 3, '35', 9, 1),
(46500, 7, 9992, 17, 4, '20', 9, 1),
(46501, 7, 9992, 21, 5, '33', 9, 1),
(46502, 7, 9992, 0, 6, '20', 9, 1),
(46503, 8, 9993, 24, 1, '33', 9, 1),
(46504, 8, 9993, 13, 2, '17', 9, 1),
(46505, 8, 9993, 9, 3, '27', 9, 1),
(46506, 8, 9993, 17, 4, '5', 9, 1),
(46507, 8, 9993, 0, 5, '6', 9, 1),
(46508, 8, 9993, 0, 6, '6', 9, 1),
(46509, 9, 9994, 24, 1, '27', 9, 1),
(46510, 9, 9994, 24, 2, '13', 9, 1),
(46511, 1, 9995, 1, 1, '13', 9, 1),
(46512, 1, 9995, 13, 2, '11', 9, 1),
(46513, 1, 9995, 9, 3, '44.5', 9, 1),
(46514, 1, 9995, 0, 4, '29', 9, 1),
(46515, 1, 9995, 21, 5, '19', 9, 1),
(46516, 1, 9995, 0, 6, '22', 9, 1),
(46517, 2, 9996, 1, 1, '30.9', 9, 1),
(46518, 2, 9996, 23, 2, '32', 9, 1),
(46519, 2, 9996, 0, 3, '27', 9, 1),
(46520, 2, 9996, 0, 4, '31', 9, 1),
(46521, 2, 9996, 0, 5, '15', 9, 1),
(46522, 2, 9996, 22, 6, '35.7', 9, 1),
(46523, 3, 9997, 6, 1, '47.2', 9, 1),
(46524, 3, 9997, 13, 2, '22', 9, 1),
(46525, 3, 9997, 0, 3, '31', 9, 1),
(46526, 3, 9997, 0, 4, '101.9', 9, 1),
(46527, 3, 9997, 21, 5, '27', 9, 1),
(46528, 3, 9997, 24, 6, '17', 9, 1),
(46529, 4, 9998, 0, 1, '21', 9, 1),
(46530, 4, 9998, 23, 2, '35', 9, 1),
(46531, 4, 9998, 9, 3, '16', 9, 1),
(46532, 4, 9998, 17, 4, '31', 9, 1),
(46533, 4, 9998, 0, 5, '29.9', 9, 1),
(46534, 4, 9998, 0, 6, '34', 9, 1),
(46535, 5, 9999, 6, 1, '9', 9, 1),
(46536, 5, 9999, 13, 2, '28', 9, 1),
(46537, 5, 9999, 9, 3, '13', 9, 1),
(46538, 5, 9999, 0, 4, '26', 9, 1),
(46539, 5, 9999, 0, 5, '18', 9, 1),
(46540, 5, 9999, 22, 6, '12', 9, 1),
(46541, 6, 10000, 0, 1, '10', 9, 1),
(46542, 6, 10000, 0, 2, '24', 9, 1),
(46543, 6, 10000, 0, 3, '31', 9, 1),
(46544, 6, 10000, 0, 4, '22', 9, 1),
(46545, 6, 10000, 21, 5, '39.3', 9, 1),
(46546, 6, 10000, 0, 6, '31', 9, 1),
(46547, 7, 10001, 0, 1, '13', 9, 1),
(46548, 7, 10001, 13, 2, '11', 9, 1),
(46549, 7, 10001, 0, 3, '24', 9, 1),
(46550, 7, 10001, 17, 4, '6', 9, 1),
(46551, 7, 10001, 24, 5, '16', 9, 1),
(46552, 8, 10002, 24, 1, '20', 9, 1),
(46553, 9, 10003, 6, 1, '47.2', 9, 1),
(46554, 9, 10003, 13, 2, '10', 9, 1),
(46555, 9, 10003, 9, 3, '34.2', 9, 1),
(46556, 9, 10003, 0, 4, '29', 9, 1),
(46557, 9, 10003, 0, 5, '27', 9, 1),
(46558, 9, 10003, 24, 6, '33', 9, 1),
(46559, 1, 10004, 0, 1, '17', 9, 1),
(46560, 1, 10004, 24, 2, '22', 9, 1),
(46561, 2, 10005, 0, 1, '30', 9, 1),
(46562, 2, 10005, 0, 2, '16', 9, 1),
(46563, 2, 10005, 0, 3, '20', 9, 1),
(46564, 2, 10005, 24, 4, '25', 9, 1),
(46565, 3, 10006, 24, 1, '8', 9, 1),
(46566, 4, 10007, 24, 1, '8.7', 9, 1),
(46567, 4, 10007, 13, 2, '33.1', 9, 1),
(46568, 4, 10007, 9, 3, '6', 9, 1),
(46569, 4, 10007, 0, 4, '23', 9, 1),
(46570, 4, 10007, 24, 5, '5', 9, 1),
(46571, 5, 10008, 0, 1, '24', 9, 1),
(46572, 5, 10008, 23, 2, '33', 9, 1),
(46573, 5, 10008, 0, 3, '27', 9, 1),
(46574, 5, 10008, 0, 4, '11', 9, 1),
(46575, 5, 10008, 0, 5, '40.3', 9, 1),
(46576, 5, 10008, 22, 6, '27', 9, 1),
(46577, 6, 10009, 1, 1, '34', 9, 1),
(46578, 6, 10009, 0, 2, '30', 9, 1),
(46579, 6, 10009, 9, 3, '25', 9, 1),
(46580, 6, 10009, 24, 4, '13', 9, 1),
(46581, 7, 10010, 0, 1, '18', 9, 1),
(46582, 7, 10010, 23, 2, '22', 9, 1),
(46583, 7, 10010, 9, 3, '34', 9, 1),
(46584, 7, 10010, 0, 4, '29', 9, 1),
(46585, 7, 10010, 21, 5, '29', 9, 1),
(46586, 7, 10010, 0, 6, '11', 9, 1),
(46587, 8, 10011, 24, 1, '26', 9, 1),
(46588, 8, 10011, 13, 2, '21', 9, 1),
(46589, 8, 10011, 9, 3, '17', 9, 1),
(46590, 8, 10011, 17, 4, '21', 9, 1),
(46591, 8, 10011, 21, 5, '25', 9, 1),
(46592, 8, 10011, 24, 6, '35', 9, 1),
(46593, 9, 10012, 0, 1, '40.2', 9, 1),
(46594, 9, 10012, 13, 2, '29', 9, 1),
(46595, 9, 10012, 0, 3, '27', 9, 1),
(46596, 9, 10012, 17, 4, '33', 9, 1),
(46597, 9, 10012, 21, 5, '29', 9, 1),
(46598, 9, 10012, 0, 6, '9', 9, 1),
(46599, 1, 10013, 6, 1, '15', 9, 1),
(46600, 1, 10013, 23, 2, '11', 9, 1),
(46601, 1, 10013, 0, 3, '18.9', 9, 1),
(46602, 1, 10013, 17, 4, '13', 9, 1),
(46603, 1, 10013, 21, 5, '13', 9, 1),
(46604, 1, 10013, 22, 6, '29', 9, 1),
(46605, 2, 10014, 0, 1, '33', 9, 1),
(46606, 2, 10014, 23, 2, '14', 9, 1),
(46607, 2, 10014, 9, 3, '35', 9, 1),
(46608, 2, 10014, 17, 4, '195', 9, 1),
(46609, 2, 10014, 0, 5, '13', 9, 1),
(46610, 2, 10014, 0, 6, '13', 9, 1),
(46611, 3, 10015, 1, 1, '8', 9, 1),
(46612, 3, 10015, 13, 2, '6', 9, 1),
(46613, 3, 10015, 9, 3, '5', 9, 1),
(46614, 3, 10015, 0, 4, '13', 9, 1),
(46615, 3, 10015, 0, 5, '28', 9, 1),
(46616, 3, 10015, 0, 6, '27', 9, 1),
(46617, 4, 10016, 24, 1, '7', 9, 1),
(46618, 4, 10016, 23, 2, '9', 9, 1),
(46619, 4, 10016, 9, 3, '27', 9, 1),
(46620, 4, 10016, 17, 4, '12', 9, 1),
(46621, 4, 10016, 0, 5, '20', 9, 1),
(46622, 4, 10016, 0, 6, '30', 9, 1),
(46623, 5, 10017, 24, 1, '7', 9, 1),
(46624, 5, 10017, 13, 2, '56.7', 9, 1),
(46625, 5, 10017, 0, 3, '27', 9, 1),
(46626, 5, 10017, 0, 4, '19', 9, 1),
(46627, 5, 10017, 0, 5, '51.6', 9, 1),
(46628, 5, 10017, 22, 6, '15', 9, 1),
(46629, 6, 10018, 6, 1, '27', 9, 1),
(46630, 6, 10018, 13, 2, '29', 9, 1),
(46631, 6, 10018, 0, 3, '31', 9, 1),
(46632, 6, 10018, 24, 4, '29', 9, 1),
(46633, 7, 10019, 24, 1, '25', 9, 1),
(46634, 8, 10020, 1, 1, '28.7', 9, 1),
(46635, 8, 10020, 23, 2, '28', 9, 1),
(46636, 8, 10020, 0, 3, '23', 9, 1),
(46637, 8, 10020, 0, 4, '5', 9, 1),
(46638, 8, 10020, 21, 5, '31', 9, 1),
(46639, 8, 10020, 0, 6, '20', 9, 1),
(46640, 9, 10021, 0, 1, '27', 9, 1),
(46641, 9, 10021, 13, 2, '33', 9, 1),
(46642, 9, 10021, 0, 3, '33', 9, 1),
(46643, 9, 10021, 17, 4, '7', 9, 1),
(46644, 9, 10021, 21, 5, '11', 9, 1),
(46645, 9, 10021, 22, 6, '25', 9, 1),
(46646, 1, 10022, 24, 1, '14', 9, 1),
(46647, 1, 10022, 0, 2, '450.2', 9, 1),
(46648, 1, 10022, 0, 3, '21', 9, 1),
(46649, 1, 10022, 0, 4, '6', 9, 1),
(46650, 1, 10022, 21, 5, '23', 9, 1),
(46651, 1, 10022, 22, 6, '13', 9, 1),
(46652, 2, 10023, 24, 1, '25', 9, 1),
(46653, 2, 10023, 23, 2, '32', 9, 1),
(46654, 2, 10023, 0, 3, '37.1', 9, 1),
(46655, 2, 10023, 0, 4, '26', 9, 1),
(46656, 2, 10023, 21, 5, '35', 9, 1),
(46657, 2, 10023, 0, 6, '23', 9, 1),
(46658, 3, 10024, 1, 1, '30', 9, 1),
(46659, 3, 10024, 13, 2, '22', 9, 1),
(46660, 3, 10024, 9, 3, '8', 9, 1),
(46661, 3, 10024, 0, 4, '16', 9, 1),
(46662, 3, 10024, 21, 5, '24', 9, 1),
(46663, 3, 10024, 0, 6, '28', 9, 1),
(46664, 4, 10025, 24, 1, '7', 9, 1),
(46665, 5, 10026, 1, 1, '45.7', 9, 1),
(46666, 5, 10026, 13, 2, '28', 9, 1),
(46667, 5, 10026, 0, 3, '38.9', 9, 1),
(46668, 5, 10026, 17, 4, '35', 9, 1),
(46669, 5, 10026, 24, 5, '22', 9, 1),
(46670, 6, 10027, 24, 1, '9', 9, 1),
(46671, 6, 10027, 13, 2, '27', 9, 1),
(46672, 6, 10027, 9, 3, '5.5', 9, 1),
(46673, 6, 10027, 0, 4, '43.3', 9, 1),
(46674, 6, 10027, 0, 5, '18', 9, 1),
(46675, 6, 10027, 22, 6, '17', 9, 1),
(46676, 7, 10028, 6, 1, '6', 9, 1),
(46677, 7, 10028, 24, 2, '19', 9, 1),
(46678, 8, 10029, 0, 1, '29', 9, 1),
(46679, 8, 10029, 13, 2, '23', 9, 1),
(46680, 8, 10029, 9, 3, '24', 9, 1),
(46681, 8, 10029, 0, 4, '45.5', 9, 1),
(46682, 8, 10029, 21, 5, '46.5', 9, 1),
(46683, 8, 10029, 0, 6, '10', 9, 1),
(46684, 9, 10030, 0, 1, '20', 9, 1),
(46685, 9, 10030, 0, 2, '16', 9, 1),
(46686, 9, 10030, 0, 3, '13', 9, 1),
(46687, 9, 10030, 0, 4, '10', 9, 1),
(46688, 9, 10030, 21, 5, '21', 9, 1),
(46689, 9, 10030, 0, 6, '15', 9, 1),
(46690, 1, 10031, 24, 1, '6.8', 9, 1),
(46691, 1, 10031, 13, 2, '14', 9, 1),
(46692, 1, 10031, 9, 3, '20', 9, 1),
(46693, 1, 10031, 0, 4, '13', 9, 1),
(46694, 1, 10031, 21, 5, '86.1', 9, 1),
(46695, 1, 10031, 24, 6, '21', 9, 1),
(46696, 2, 10032, 6, 1, '35', 9, 1),
(46697, 2, 10032, 13, 2, '29', 9, 1),
(46698, 2, 10032, 24, 3, '5', 9, 1),
(46699, 3, 10033, 0, 1, '35', 9, 1),
(46700, 3, 10033, 13, 2, '33.3', 9, 1),
(46701, 3, 10033, 9, 3, '11', 9, 1),
(46702, 3, 10033, 0, 4, '30', 9, 1),
(46703, 3, 10033, 21, 5, '18', 9, 1),
(46704, 3, 10033, 0, 6, '34', 9, 1),
(46705, 4, 10034, 0, 1, '32', 9, 1),
(46706, 4, 10034, 13, 2, '10', 9, 1),
(46707, 4, 10034, 0, 3, '18.9', 9, 1),
(46708, 4, 10034, 17, 4, '34', 9, 1),
(46709, 4, 10034, 24, 5, '20', 9, 1),
(46710, 5, 10035, 0, 1, '26', 9, 1),
(46711, 5, 10035, 0, 2, '27', 9, 1),
(46712, 5, 10035, 9, 3, '20', 9, 1),
(46713, 5, 10035, 17, 4, '8', 9, 1),
(46714, 5, 10035, 21, 5, '8', 9, 1),
(46715, 5, 10035, 0, 6, '24', 9, 1),
(46716, 6, 10036, 0, 1, '12', 9, 1),
(46717, 6, 10036, 0, 2, '6', 9, 1),
(46718, 6, 10036, 9, 3, '24', 9, 1),
(46719, 6, 10036, 24, 4, '8', 9, 1),
(46720, 7, 10037, 0, 1, '34.4', 9, 1),
(46721, 7, 10037, 13, 2, '5', 9, 1),
(46722, 7, 10037, 0, 3, '12', 9, 1),
(46723, 7, 10037, 17, 4, '128.9', 9, 1),
(46724, 7, 10037, 21, 5, '26', 9, 1),
(46725, 7, 10037, 22, 6, '33', 9, 1),
(46726, 8, 10038, 24, 1, '14', 9, 1),
(46727, 8, 10038, 24, 2, '33', 9, 1),
(46728, 9, 10039, 0, 1, '355.1', 9, 1),
(46729, 9, 10039, 13, 2, '28', 9, 1),
(46730, 9, 10039, 9, 3, '8', 9, 1),
(46731, 9, 10039, 17, 4, '7', 9, 1),
(46732, 9, 10039, 0, 5, '27', 9, 1),
(46733, 9, 10039, 0, 6, '25', 9, 1),
(46734, 1, 10040, 0, 1, '34', 9, 1),
(46735, 1, 10040, 0, 2, '12', 9, 1),
(46736, 1, 10040, 9, 3, '24', 9, 1),
(46737, 1, 10040, 0, 4, '24', 9, 1),
(46738, 1, 10040, 21, 5, '17', 9, 1),
(46739, 1, 10040, 22, 6, '21', 9, 1),
(46740, 2, 10041, 1, 1, '8', 9, 1),
(46741, 2, 10041, 23, 2, '36.4', 9, 1),
(46742, 2, 10041, 24, 3, '13', 9, 1),
(46743, 3, 10042, 1, 1, '19', 9, 1),
(46744, 3, 10042, 13, 2, '29.8', 9, 1),
(46745, 3, 10042, 0, 3, '21', 9, 1),
(46746, 3, 10042, 0, 4, '29.7', 9, 1),
(46747, 3, 10042, 0, 5, '16', 9, 1),
(46748, 3, 10042, 22, 6, '10', 9, 1),
(46749, 4, 10043, 0, 1, '59.1', 9, 1),
(46750, 4, 10043, 0, 2, '15', 9, 1),
(46751, 4, 10043, 9, 3, '60.4', 9, 1),
(46752, 4, 10043, 17, 4, '12', 9, 1),
(46753, 4, 10043, 0, 5, '32', 9, 1),
(46754, 4, 10043, 0, 6, '21.4', 9, 1),
(46755, 5, 10044, 6, 1, '7', 9, 1),
(46756, 5, 10044, 13, 2, '9', 9, 1),
(46757, 5, 10044, 9, 3, '30', 9, 1),
(46758, 5, 10044, 17, 4, '9', 9, 1),
(46759, 5, 10044, 21, 5, '22', 9, 1),
(46760, 5, 10044, 0, 6, '5', 9, 1),
(46761, 6, 10045, 6, 1, '5', 9, 1),
(46762, 6, 10045, 0, 2, '20', 9, 1),
(46763, 6, 10045, 0, 3, '35', 9, 1),
(46764, 6, 10045, 0, 4, '16', 9, 1),
(46765, 6, 10045, 0, 5, '10', 9, 1),
(46766, 6, 10045, 22, 6, '16', 9, 1),
(46767, 7, 10046, 1, 1, '16', 9, 1),
(46768, 7, 10046, 0, 2, '11', 9, 1),
(46769, 7, 10046, 0, 3, '14', 9, 1),
(46770, 7, 10046, 17, 4, '25', 9, 1),
(46771, 7, 10046, 0, 5, '48.7', 9, 1),
(46772, 7, 10046, 0, 6, '5', 9, 1),
(46773, 8, 10047, 1, 1, '34', 9, 1),
(46774, 8, 10047, 23, 2, '30', 9, 1),
(46775, 8, 10047, 0, 3, '30', 9, 1),
(46776, 8, 10047, 17, 4, '26', 9, 1),
(46777, 8, 10047, 21, 5, '24', 9, 1),
(46778, 8, 10047, 22, 6, '16', 9, 1),
(46779, 9, 10048, 1, 1, '14.9', 9, 1),
(46780, 9, 10048, 23, 2, '20', 9, 1),
(46781, 9, 10048, 9, 3, '17', 9, 1),
(46782, 9, 10048, 0, 4, '24', 9, 1),
(46783, 9, 10048, 0, 5, '10', 9, 1),
(46784, 9, 10048, 0, 6, '20', 9, 1),
(46785, 1, 10049, 0, 1, '23', 10, 1),
(46786, 1, 10049, 0, 2, '32', 10, 1),
(46787, 1, 10049, 9, 3, '15', 10, 1),
(46788, 1, 10049, 24, 4, '19', 10, 1),
(46789, 2, 10050, 0, 1, '12', 10, 1),
(46790, 2, 10050, 0, 2, '29', 10, 1),
(46791, 2, 10050, 9, 3, '35', 10, 1),
(46792, 2, 10050, 0, 4, '8', 10, 1),
(46793, 2, 10050, 0, 5, '6', 10, 1),
(46794, 2, 10050, 0, 6, '8', 10, 1),
(46795, 3, 10051, 0, 1, '11', 10, 1),
(46796, 3, 10051, 0, 2, '23', 10, 1),
(46797, 3, 10051, 9, 3, '10', 10, 1),
(46798, 3, 10051, 0, 4, '14', 10, 1),
(46799, 3, 10051, 21, 5, '28', 10, 1),
(46800, 3, 10051, 0, 6, '34', 10, 1),
(46801, 4, 10052, 0, 1, '26', 10, 1),
(46802, 4, 10052, 24, 2, '14', 10, 1),
(46803, 5, 10053, 6, 1, '32', 10, 1),
(46804, 5, 10053, 0, 2, '22', 10, 1),
(46805, 5, 10053, 9, 3, '19', 10, 1),
(46806, 5, 10053, 0, 4, '13', 10, 1),
(46807, 5, 10053, 21, 5, '11', 10, 1),
(46808, 5, 10053, 0, 6, '5', 10, 1),
(46809, 6, 10054, 6, 1, '32', 10, 1),
(46810, 6, 10054, 23, 2, '21', 10, 1),
(46811, 6, 10054, 9, 3, '12', 10, 1),
(46812, 6, 10054, 0, 4, '25', 10, 1),
(46813, 6, 10054, 24, 5, '5', 10, 1),
(46814, 7, 10055, 0, 1, '8', 10, 1),
(46815, 7, 10055, 23, 2, '8', 10, 1),
(46816, 7, 10055, 9, 3, '34', 10, 1),
(46817, 7, 10055, 17, 4, '58.7', 10, 1),
(46818, 7, 10055, 21, 5, '30', 10, 1),
(46819, 7, 10055, 22, 6, '29', 10, 1),
(46820, 8, 10056, 0, 1, '15', 10, 1),
(46821, 8, 10056, 0, 2, '14', 10, 1),
(46822, 8, 10056, 9, 3, '6', 10, 1),
(46823, 8, 10056, 17, 4, '20.6', 10, 1),
(46824, 8, 10056, 21, 5, '13', 10, 1),
(46825, 8, 10056, 22, 6, '13', 10, 1),
(46826, 9, 10057, 6, 1, '25', 10, 1),
(46827, 9, 10057, 24, 2, '5', 10, 1),
(46828, 1, 10058, 1, 1, '20', 10, 1),
(46829, 1, 10058, 13, 2, '21', 10, 1),
(46830, 1, 10058, 0, 3, '18', 10, 1),
(46831, 1, 10058, 17, 4, '9', 10, 1),
(46832, 1, 10058, 0, 5, '8', 10, 1),
(46833, 1, 10058, 22, 6, '15', 10, 1),
(46834, 2, 10059, 6, 1, '13', 10, 1),
(46835, 2, 10059, 0, 2, '33', 10, 1),
(46836, 2, 10059, 24, 3, '26', 10, 1),
(46837, 3, 10060, 6, 1, '23', 10, 1),
(46838, 3, 10060, 0, 2, '18', 10, 1),
(46839, 3, 10060, 24, 3, '17', 10, 1),
(46840, 4, 10061, 24, 1, '14', 10, 1),
(46841, 4, 10061, 13, 2, '8', 10, 1),
(46842, 4, 10061, 24, 3, '27', 10, 1),
(46843, 5, 10062, 1, 1, '9.8', 10, 1),
(46844, 5, 10062, 24, 2, '18', 10, 1),
(46845, 6, 10063, 24, 1, '5', 10, 1),
(46846, 6, 10063, 0, 2, '35', 10, 1),
(46847, 6, 10063, 0, 3, '31', 10, 1),
(46848, 6, 10063, 17, 4, '15', 10, 1),
(46849, 6, 10063, 0, 5, '24', 10, 1),
(46850, 6, 10063, 0, 6, '19', 10, 1),
(46851, 7, 10064, 1, 1, '7', 10, 1),
(46852, 7, 10064, 0, 2, '9', 10, 1),
(46853, 7, 10064, 0, 3, '105.4', 10, 1),
(46854, 7, 10064, 0, 4, '12.3', 10, 1),
(46855, 7, 10064, 0, 5, '11', 10, 1),
(46856, 7, 10064, 22, 6, '35', 10, 1),
(46857, 8, 10065, 0, 1, '14.7', 10, 1),
(46858, 8, 10065, 23, 2, '21', 10, 1),
(46859, 8, 10065, 0, 3, '24', 10, 1),
(46860, 8, 10065, 17, 4, '8', 10, 1),
(46861, 8, 10065, 0, 5, '19', 10, 1),
(46862, 8, 10065, 24, 6, '23', 10, 1),
(46863, 9, 10066, 0, 1, '11', 10, 1),
(46864, 9, 10066, 23, 2, '15', 10, 1),
(46865, 9, 10066, 0, 3, '15', 10, 1),
(46866, 9, 10066, 0, 4, '7', 10, 1),
(46867, 9, 10066, 0, 5, '33', 10, 1),
(46868, 9, 10066, 22, 6, '25', 10, 1),
(46869, 1, 10067, 6, 1, '48.6', 10, 1),
(46870, 1, 10067, 13, 2, '7', 10, 1),
(46871, 1, 10067, 0, 3, '14', 10, 1),
(46872, 1, 10067, 24, 4, '15', 10, 1),
(46873, 2, 10068, 1, 1, '18.1', 10, 1),
(46874, 2, 10068, 24, 2, '28', 10, 1),
(46875, 3, 10069, 0, 1, '23', 10, 1),
(46876, 3, 10069, 24, 2, '26', 10, 1),
(46877, 4, 10070, 0, 1, '27', 10, 1),
(46878, 4, 10070, 0, 2, '22', 10, 1),
(46879, 4, 10070, 0, 3, '11', 10, 1),
(46880, 4, 10070, 0, 4, '23', 10, 1),
(46881, 4, 10070, 0, 5, '11', 10, 1),
(46882, 4, 10070, 0, 6, '35', 10, 1),
(46883, 5, 10071, 24, 1, '18', 10, 1),
(46884, 5, 10071, 23, 2, '20', 10, 1),
(46885, 5, 10071, 9, 3, '25', 10, 1),
(46886, 5, 10071, 17, 4, '32', 10, 1),
(46887, 5, 10071, 21, 5, '24', 10, 1),
(46888, 5, 10071, 0, 6, '32', 10, 1),
(46889, 6, 10072, 0, 1, '7', 10, 1),
(46890, 6, 10072, 23, 2, '12', 10, 1),
(46891, 6, 10072, 9, 3, '60.7', 10, 1),
(46892, 6, 10072, 17, 4, '9', 10, 1),
(46893, 6, 10072, 21, 5, '45.9', 10, 1),
(46894, 6, 10072, 24, 6, '33', 10, 1),
(46895, 7, 10073, 24, 1, '25', 10, 1),
(46896, 8, 10074, 24, 1, '12', 10, 1),
(46897, 8, 10074, 23, 2, '28', 10, 1),
(46898, 8, 10074, 9, 3, '12', 10, 1),
(46899, 8, 10074, 17, 4, '34.7', 10, 1),
(46900, 8, 10074, 21, 5, '10', 10, 1),
(46901, 8, 10074, 24, 6, '8', 10, 1),
(46902, 9, 10075, 0, 1, '7', 10, 1),
(46903, 9, 10075, 0, 2, '10', 10, 1),
(46904, 9, 10075, 0, 3, '33', 10, 1),
(46905, 9, 10075, 0, 4, '9', 10, 1),
(46906, 9, 10075, 0, 5, '11', 10, 1),
(46907, 9, 10075, 22, 6, '38.1', 10, 1),
(46908, 1, 10076, 6, 1, '6', 10, 1),
(46909, 1, 10076, 23, 2, '35', 10, 1),
(46910, 1, 10076, 0, 3, '38.8', 10, 1),
(46911, 1, 10076, 17, 4, '16', 10, 1),
(46912, 1, 10076, 0, 5, '32', 10, 1),
(46913, 1, 10076, 0, 6, '44.8', 10, 1),
(46914, 2, 10077, 0, 1, '20', 10, 1),
(46915, 2, 10077, 23, 2, '35', 10, 1),
(46916, 2, 10077, 9, 3, '7', 10, 1),
(46917, 2, 10077, 0, 4, '31', 10, 1),
(46918, 2, 10077, 0, 5, '33', 10, 1),
(46919, 2, 10077, 24, 6, '15', 10, 1),
(46920, 3, 10078, 24, 1, '34', 10, 1),
(46921, 3, 10078, 0, 2, '34', 10, 1),
(46922, 3, 10078, 0, 3, '14', 10, 1),
(46923, 3, 10078, 0, 4, '20', 10, 1),
(46924, 3, 10078, 21, 5, '21', 10, 1),
(46925, 3, 10078, 0, 6, '30.5', 10, 1),
(46926, 4, 10079, 1, 1, '33', 10, 1),
(46927, 4, 10079, 13, 2, '16', 10, 1),
(46928, 4, 10079, 9, 3, '30', 10, 1),
(46929, 4, 10079, 17, 4, '18', 10, 1),
(46930, 4, 10079, 0, 5, '39.3', 10, 1),
(46931, 4, 10079, 0, 6, '7', 10, 1),
(46932, 5, 10080, 0, 1, '19', 10, 1),
(46933, 5, 10080, 13, 2, '36.5', 10, 1),
(46934, 5, 10080, 0, 3, '27', 10, 1),
(46935, 5, 10080, 17, 4, '32', 10, 1),
(46936, 5, 10080, 21, 5, '5', 10, 1),
(46937, 5, 10080, 0, 6, '29', 10, 1),
(46938, 6, 10081, 1, 1, '19', 10, 1),
(46939, 6, 10081, 0, 2, '28', 10, 1),
(46940, 6, 10081, 0, 3, '31', 10, 1),
(46941, 6, 10081, 17, 4, '25.8', 10, 1),
(46942, 6, 10081, 21, 5, '44.3', 10, 1),
(46943, 6, 10081, 22, 6, '18', 10, 1),
(46944, 7, 10082, 0, 1, '19', 10, 1),
(46945, 7, 10082, 0, 2, '8', 10, 1),
(46946, 7, 10082, 0, 3, '9', 10, 1),
(46947, 7, 10082, 0, 4, '27', 10, 1),
(46948, 7, 10082, 0, 5, '24', 10, 1),
(46949, 7, 10082, 0, 6, '5', 10, 1),
(46950, 8, 10083, 6, 1, '61.8', 10, 1),
(46951, 8, 10083, 23, 2, '32', 10, 1),
(46952, 8, 10083, 0, 3, '21', 10, 1),
(46953, 8, 10083, 0, 4, '35', 10, 1),
(46954, 8, 10083, 21, 5, '27', 10, 1),
(46955, 8, 10083, 0, 6, '39.9', 10, 1),
(46956, 9, 10084, 0, 1, '50.2', 10, 1),
(46957, 9, 10084, 24, 2, '14', 10, 1),
(46958, 1, 10085, 24, 1, '32', 10, 1),
(46959, 1, 10085, 0, 2, '20', 10, 1),
(46960, 1, 10085, 0, 3, '10', 10, 1),
(46961, 1, 10085, 17, 4, '16', 10, 1),
(46962, 1, 10085, 24, 5, '30', 10, 1),
(46963, 2, 10086, 24, 1, '26.2', 10, 1),
(46964, 2, 10086, 24, 2, '28', 10, 1),
(46965, 3, 10087, 1, 1, '41.3', 10, 1),
(46966, 3, 10087, 23, 2, '23', 10, 1),
(46967, 3, 10087, 0, 3, '24.1', 10, 1),
(46968, 3, 10087, 17, 4, '19', 10, 1),
(46969, 3, 10087, 21, 5, '27', 10, 1),
(46970, 3, 10087, 22, 6, '16', 10, 1),
(46971, 4, 10088, 6, 1, '13', 10, 1),
(46972, 4, 10088, 13, 2, '31.8', 10, 1),
(46973, 4, 10088, 9, 3, '8', 10, 1),
(46974, 4, 10088, 0, 4, '34', 10, 1),
(46975, 4, 10088, 24, 5, '17', 10, 1),
(46976, 5, 10089, 24, 1, '30', 10, 1),
(46977, 6, 10090, 24, 1, '35', 10, 1),
(46978, 7, 10091, 24, 1, '30', 10, 1),
(46979, 8, 10092, 0, 1, '30', 10, 1),
(46980, 8, 10092, 24, 2, '23', 10, 1),
(46981, 9, 10093, 1, 1, '12', 10, 1),
(46982, 9, 10093, 24, 2, '20', 10, 1),
(46983, 1, 10094, 6, 1, '31', 10, 1),
(46984, 1, 10094, 13, 2, '19', 10, 1),
(46985, 1, 10094, 24, 3, '28', 10, 1),
(46986, 2, 10095, 6, 1, '12', 10, 1),
(46987, 2, 10095, 13, 2, '14', 10, 1),
(46988, 2, 10095, 24, 3, '24', 10, 1),
(46989, 3, 10096, 24, 1, '180', 10, 1),
(46990, 3, 10096, 0, 2, '38.7', 10, 1),
(46991, 3, 10096, 0, 3, '34', 10, 1),
(46992, 3, 10096, 24, 4, '28', 10, 1),
(46993, 4, 10097, 6, 1, '13', 10, 1),
(46994, 4, 10097, 13, 2, '78.4', 10, 1),
(46995, 4, 10097, 9, 3, '34', 10, 1),
(46996, 4, 10097, 0, 4, '5', 10, 1),
(46997, 4, 10097, 21, 5, '164.6', 10, 1),
(46998, 4, 10097, 0, 6, '30', 10, 1),
(46999, 5, 10098, 24, 1, '18', 10, 1),
(47000, 5, 10098, 23, 2, '30', 10, 1),
(47001, 5, 10098, 0, 3, '61.5', 10, 1),
(47002, 5, 10098, 17, 4, '10', 10, 1),
(47003, 5, 10098, 21, 5, '34', 10, 1),
(47004, 5, 10098, 22, 6, '32.2', 10, 1),
(47005, 6, 10099, 1, 1, '28', 10, 1),
(47006, 6, 10099, 13, 2, '27', 10, 1),
(47007, 6, 10099, 0, 3, '12', 10, 1),
(47008, 6, 10099, 24, 4, '12', 10, 1),
(47009, 7, 10100, 0, 1, '11', 10, 1),
(47010, 7, 10100, 0, 2, '23', 10, 1),
(47011, 7, 10100, 0, 3, '14', 10, 1),
(47012, 7, 10100, 0, 4, '19.3', 10, 1),
(47013, 7, 10100, 0, 5, '80.6', 10, 1),
(47014, 7, 10100, 22, 6, '43.1', 10, 1),
(47015, 8, 10101, 24, 1, '409.7', 10, 1),
(47016, 8, 10101, 0, 2, '23', 10, 1),
(47017, 8, 10101, 9, 3, '444.9', 10, 1),
(47018, 8, 10101, 0, 4, '6', 10, 1),
(47019, 8, 10101, 21, 5, '38', 10, 1),
(47020, 8, 10101, 22, 6, '24', 10, 1),
(47021, 9, 10102, 1, 1, '19', 10, 1),
(47022, 9, 10102, 13, 2, '34', 10, 1),
(47023, 9, 10102, 0, 3, '34', 10, 1),
(47024, 9, 10102, 17, 4, '113.7', 10, 1),
(47025, 9, 10102, 21, 5, '35.8', 10, 1),
(47026, 9, 10102, 22, 6, '9', 10, 1),
(47027, 1, 10103, 6, 1, '27', 10, 1),
(47028, 1, 10103, 0, 2, '16', 10, 1),
(47029, 1, 10103, 0, 3, '17', 10, 1),
(47030, 1, 10103, 0, 4, '26', 10, 1),
(47031, 1, 10103, 21, 5, '21.6', 10, 1),
(47032, 1, 10103, 22, 6, '26', 10, 1),
(47033, 2, 10104, 0, 1, '33', 10, 1),
(47034, 2, 10104, 0, 2, '28', 10, 1),
(47035, 2, 10104, 0, 3, '13', 10, 1),
(47036, 2, 10104, 0, 4, '7', 10, 1),
(47037, 2, 10104, 0, 5, '13', 10, 1),
(47038, 2, 10104, 22, 6, '18', 10, 1),
(47039, 3, 10105, 6, 1, '25', 10, 1),
(47040, 3, 10105, 23, 2, '22', 10, 1),
(47041, 3, 10105, 0, 3, '11', 10, 1),
(47042, 3, 10105, 17, 4, '11', 10, 1),
(47043, 3, 10105, 21, 5, '25', 10, 1),
(47044, 3, 10105, 22, 6, '9', 10, 1),
(47045, 4, 10106, 24, 1, '28', 10, 1),
(47046, 4, 10106, 0, 2, '8', 10, 1),
(47047, 4, 10106, 0, 3, '13', 10, 1),
(47048, 4, 10106, 17, 4, '30', 10, 1),
(47049, 4, 10106, 0, 5, '129', 10, 1),
(47050, 4, 10106, 0, 6, '13', 10, 1),
(47051, 5, 10107, 0, 1, '14', 10, 1),
(47052, 5, 10107, 23, 2, '35', 10, 1),
(47053, 5, 10107, 9, 3, '9', 10, 1),
(47054, 5, 10107, 17, 4, '13.2', 10, 1),
(47055, 5, 10107, 21, 5, '19.5', 10, 1),
(47056, 5, 10107, 0, 6, '12.3', 10, 1),
(47057, 6, 10108, 24, 1, '23', 10, 1),
(47058, 6, 10108, 24, 2, '18', 10, 1),
(47059, 7, 10109, 24, 1, '31', 10, 1),
(47060, 7, 10109, 13, 2, '13', 10, 1),
(47061, 7, 10109, 9, 3, '185.5', 10, 1),
(47062, 7, 10109, 0, 4, '11', 10, 1),
(47063, 7, 10109, 0, 5, '27.8', 10, 1),
(47064, 7, 10109, 0, 6, '6', 10, 1),
(47065, 8, 10110, 6, 1, '33', 10, 1),
(47066, 8, 10110, 13, 2, '47.7', 10, 1),
(47067, 8, 10110, 0, 3, '32', 10, 1),
(47068, 8, 10110, 0, 4, '52.2', 10, 1),
(47069, 8, 10110, 0, 5, '25', 10, 1),
(47070, 8, 10110, 22, 6, '31', 10, 1),
(47071, 9, 10111, 0, 1, '15', 10, 1),
(47072, 9, 10111, 0, 2, '19.8', 10, 1),
(47073, 9, 10111, 9, 3, '19', 10, 1),
(47074, 9, 10111, 24, 4, '23', 10, 1),
(47075, 1, 10112, 24, 1, '16', 10, 1),
(47076, 1, 10112, 0, 2, '24', 10, 1),
(47077, 1, 10112, 24, 3, '16', 10, 1),
(47078, 2, 10113, 0, 1, '56.2', 10, 1),
(47079, 2, 10113, 0, 2, '7', 10, 1),
(47080, 2, 10113, 9, 3, '44.3', 10, 1),
(47081, 2, 10113, 0, 4, '24', 10, 1),
(47082, 2, 10113, 24, 5, '5', 10, 1),
(47083, 3, 10114, 1, 1, '17', 10, 1),
(47084, 3, 10114, 24, 2, '13', 10, 1),
(47085, 4, 10115, 0, 1, '118.4', 10, 1),
(47086, 4, 10115, 23, 2, '21', 10, 1),
(47087, 4, 10115, 24, 3, '35', 10, 1),
(47088, 5, 10116, 6, 1, '18', 10, 1),
(47089, 5, 10116, 24, 2, '7', 10, 1),
(47090, 6, 10117, 1, 1, '24', 10, 1),
(47091, 6, 10117, 23, 2, '33', 10, 1),
(47092, 6, 10117, 0, 3, '31.9', 10, 1),
(47093, 6, 10117, 0, 4, '24', 10, 1),
(47094, 6, 10117, 24, 5, '18', 10, 1),
(47095, 7, 10118, 24, 1, '13', 10, 1),
(47096, 7, 10118, 0, 2, '12', 10, 1),
(47097, 7, 10118, 0, 3, '13.3', 10, 1),
(47098, 7, 10118, 24, 4, '32', 10, 1),
(47099, 8, 10119, 0, 1, '56.2', 10, 1),
(47100, 8, 10119, 0, 2, '5', 10, 1),
(47101, 8, 10119, 0, 3, '18', 10, 1),
(47102, 8, 10119, 17, 4, '11', 10, 1),
(47103, 8, 10119, 0, 5, '5', 10, 1),
(47104, 8, 10119, 22, 6, '311.6', 10, 1),
(47105, 9, 10120, 1, 1, '23', 10, 1),
(47106, 9, 10120, 13, 2, '18', 10, 1),
(47107, 9, 10120, 24, 3, '31', 10, 1),
(47108, 1, 10121, 24, 1, '18', 10, 1),
(47109, 1, 10121, 23, 2, '21', 10, 1),
(47110, 1, 10121, 9, 3, '34', 10, 1),
(47111, 1, 10121, 0, 4, '35', 10, 1),
(47112, 1, 10121, 24, 5, '21', 10, 1),
(47113, 2, 10122, 24, 1, '12', 10, 1),
(47114, 2, 10122, 23, 2, '35', 10, 1),
(47115, 2, 10122, 24, 3, '17', 10, 1),
(47116, 3, 10123, 24, 1, '33', 10, 1),
(47117, 4, 10124, 6, 1, '14', 10, 1),
(47118, 4, 10124, 0, 2, '18', 10, 1),
(47119, 4, 10124, 9, 3, '39.2', 10, 1),
(47120, 4, 10124, 17, 4, '25', 10, 1),
(47121, 4, 10124, 0, 5, '10', 10, 1),
(47122, 4, 10124, 0, 6, '17', 10, 1),
(47123, 5, 10125, 6, 1, '6', 10, 1),
(47124, 5, 10125, 23, 2, '15', 10, 1),
(47125, 5, 10125, 0, 3, '35', 10, 1),
(47126, 5, 10125, 0, 4, '11', 10, 1),
(47127, 5, 10125, 0, 5, '39.5', 10, 1),
(47128, 5, 10125, 0, 6, '988.9', 10, 1),
(47129, 6, 10126, 6, 1, '27', 10, 1),
(47130, 6, 10126, 23, 2, '23', 10, 1),
(47131, 6, 10126, 0, 3, '32', 10, 1),
(47132, 6, 10126, 0, 4, '12', 10, 1),
(47133, 6, 10126, 0, 5, '34', 10, 1),
(47134, 6, 10126, 22, 6, '39.5', 10, 1),
(47135, 7, 10127, 1, 1, '30.6', 10, 1),
(47136, 7, 10127, 13, 2, '33', 10, 1),
(47137, 7, 10127, 0, 3, '5', 10, 1),
(47138, 7, 10127, 17, 4, '13', 10, 1),
(47139, 7, 10127, 0, 5, '17', 10, 1),
(47140, 7, 10127, 22, 6, '23', 10, 1),
(47141, 8, 10128, 0, 1, '22', 10, 1),
(47142, 8, 10128, 23, 2, '62.5', 10, 1),
(47143, 8, 10128, 24, 3, '15', 10, 1),
(47144, 9, 10129, 1, 1, '21', 10, 1),
(47145, 9, 10129, 24, 2, '30', 10, 1),
(47146, 1, 10130, 24, 1, '22', 11, 1),
(47147, 1, 10130, 0, 2, '17', 11, 1),
(47148, 1, 10130, 9, 3, '7', 11, 1),
(47149, 1, 10130, 0, 4, '14', 11, 1),
(47150, 1, 10130, 24, 5, '13', 11, 1),
(47151, 2, 10131, 6, 1, '30', 11, 1),
(47152, 2, 10131, 23, 2, '32', 11, 1),
(47153, 2, 10131, 24, 3, '31', 11, 1),
(47154, 3, 10132, 24, 1, '17', 11, 1),
(47155, 3, 10132, 13, 2, '22', 11, 1),
(47156, 3, 10132, 9, 3, '43.9', 11, 1),
(47157, 3, 10132, 0, 4, '33', 11, 1),
(47158, 3, 10132, 21, 5, '32', 11, 1),
(47159, 3, 10132, 0, 6, '7', 11, 1),
(47160, 4, 10133, 0, 1, '27', 11, 1),
(47161, 4, 10133, 13, 2, '21', 11, 1),
(47162, 4, 10133, 0, 3, '108.5', 11, 1),
(47163, 4, 10133, 0, 4, '6', 11, 1),
(47164, 4, 10133, 0, 5, '7', 11, 1),
(47165, 4, 10133, 22, 6, '31', 11, 1),
(47166, 5, 10134, 24, 1, '13', 11, 1),
(47167, 5, 10134, 23, 2, '32', 11, 1),
(47168, 5, 10134, 0, 3, '23', 11, 1),
(47169, 5, 10134, 17, 4, '33', 11, 1),
(47170, 5, 10134, 21, 5, '29', 11, 1),
(47171, 5, 10134, 22, 6, '26', 11, 1),
(47172, 6, 10135, 24, 1, '23', 11, 1),
(47173, 6, 10135, 13, 2, '37.6', 11, 1),
(47174, 6, 10135, 9, 3, '15', 11, 1),
(47175, 6, 10135, 0, 4, '35', 11, 1),
(47176, 6, 10135, 24, 5, '13', 11, 1),
(47177, 7, 10136, 1, 1, '32', 11, 1),
(47178, 7, 10136, 0, 2, '35', 11, 1),
(47179, 7, 10136, 24, 3, '5', 11, 1),
(47180, 8, 10137, 24, 1, '5', 11, 1),
(47181, 9, 10138, 24, 1, '143.8', 11, 1),
(47182, 9, 10138, 24, 2, '12', 11, 1),
(47183, 1, 10139, 24, 1, '34', 11, 1),
(47184, 1, 10139, 24, 2, '17', 11, 1),
(47185, 2, 10140, 24, 1, '11', 11, 1),
(47186, 2, 10140, 13, 2, '30', 11, 1),
(47187, 2, 10140, 9, 3, '16', 11, 1),
(47188, 2, 10140, 0, 4, '28', 11, 1),
(47189, 2, 10140, 21, 5, '25.1', 11, 1),
(47190, 2, 10140, 0, 6, '5', 11, 1),
(47191, 3, 10141, 6, 1, '26', 11, 1),
(47192, 3, 10141, 13, 2, '6', 11, 1),
(47193, 3, 10141, 9, 3, '8', 11, 1),
(47194, 3, 10141, 17, 4, '39.7', 11, 1),
(47195, 3, 10141, 0, 5, '32', 11, 1),
(47196, 3, 10141, 22, 6, '43.9', 11, 1),
(47197, 4, 10142, 24, 1, '11', 11, 1),
(47198, 4, 10142, 23, 2, '29', 11, 1),
(47199, 4, 10142, 9, 3, '29', 11, 1),
(47200, 4, 10142, 0, 4, '14', 11, 1),
(47201, 4, 10142, 0, 5, '33', 11, 1),
(47202, 4, 10142, 0, 6, '27', 11, 1),
(47203, 5, 10143, 24, 1, '14', 11, 1),
(47204, 5, 10143, 23, 2, '29', 11, 1),
(47205, 5, 10143, 0, 3, '27', 11, 1),
(47206, 5, 10143, 17, 4, '12', 11, 1),
(47207, 5, 10143, 0, 5, '33', 11, 1),
(47208, 5, 10143, 0, 6, '31', 11, 1),
(47209, 6, 10144, 0, 1, '25', 11, 1),
(47210, 6, 10144, 13, 2, '16', 11, 1),
(47211, 6, 10144, 9, 3, '24', 11, 1),
(47212, 6, 10144, 17, 4, '21', 11, 1),
(47213, 6, 10144, 21, 5, '25', 11, 1),
(47214, 6, 10144, 22, 6, '7', 11, 1),
(47215, 7, 10145, 1, 1, '18', 11, 1),
(47216, 7, 10145, 13, 2, '29', 11, 1),
(47217, 7, 10145, 9, 3, '28', 11, 1),
(47218, 7, 10145, 17, 4, '17', 11, 1),
(47219, 7, 10145, 0, 5, '15', 11, 1),
(47220, 7, 10145, 24, 6, '25', 11, 1),
(47221, 8, 10146, 24, 1, '8', 11, 1),
(47222, 8, 10146, 0, 2, '19', 11, 1),
(47223, 8, 10146, 0, 3, '39.8', 11, 1),
(47224, 8, 10146, 0, 4, '20', 11, 1),
(47225, 8, 10146, 21, 5, '26', 11, 1),
(47226, 8, 10146, 0, 6, '11', 11, 1),
(47227, 9, 10147, 1, 1, '28', 11, 1),
(47228, 9, 10147, 13, 2, '23', 11, 1),
(47229, 9, 10147, 9, 3, '31.3', 11, 1),
(47230, 9, 10147, 17, 4, '29', 11, 1),
(47231, 9, 10147, 21, 5, '35', 11, 1),
(47232, 9, 10147, 0, 6, '27', 11, 1),
(47233, 1, 10148, 6, 1, '20', 11, 1),
(47234, 1, 10148, 23, 2, '13', 11, 1),
(47235, 1, 10148, 24, 3, '21', 11, 1),
(47236, 2, 10149, 0, 1, '15', 11, 1),
(47237, 2, 10149, 23, 2, '71', 11, 1),
(47238, 2, 10149, 0, 3, '11', 11, 1),
(47239, 2, 10149, 0, 4, '31', 11, 1),
(47240, 2, 10149, 21, 5, '14', 11, 1),
(47241, 2, 10149, 0, 6, '27', 11, 1),
(47242, 3, 10150, 24, 1, '26', 11, 1),
(47243, 4, 10151, 1, 1, '21', 11, 1),
(47244, 4, 10151, 0, 2, '22', 11, 1),
(47245, 4, 10151, 0, 3, '13', 11, 1),
(47246, 4, 10151, 0, 4, '23', 11, 1),
(47247, 4, 10151, 0, 5, '35', 11, 1),
(47248, 4, 10151, 22, 6, '19', 11, 1),
(47249, 5, 10152, 1, 1, '19', 11, 1),
(47250, 5, 10152, 23, 2, '34', 11, 1),
(47251, 5, 10152, 9, 3, '17', 11, 1),
(47252, 5, 10152, 17, 4, '30', 11, 1),
(47253, 5, 10152, 21, 5, '24', 11, 1),
(47254, 5, 10152, 22, 6, '29', 11, 1),
(47255, 6, 10153, 0, 1, '30', 11, 1),
(47256, 6, 10153, 23, 2, '24', 11, 1),
(47257, 6, 10153, 24, 3, '28', 11, 1),
(47258, 7, 10154, 0, 1, '22', 11, 1),
(47259, 7, 10154, 0, 2, '35', 11, 1),
(47260, 7, 10154, 9, 3, '13.9', 11, 1),
(47261, 7, 10154, 17, 4, '42.1', 11, 1),
(47262, 7, 10154, 21, 5, '8', 11, 1),
(47263, 7, 10154, 22, 6, '26', 11, 1),
(47264, 8, 10155, 24, 1, '27', 11, 1),
(47265, 8, 10155, 0, 2, '7', 11, 1),
(47266, 8, 10155, 9, 3, '6', 11, 1),
(47267, 8, 10155, 17, 4, '21', 11, 1),
(47268, 8, 10155, 21, 5, '33.1', 11, 1),
(47269, 8, 10155, 0, 6, '21', 11, 1),
(47270, 9, 10156, 0, 1, '30', 11, 1),
(47271, 9, 10156, 13, 2, '348.7', 11, 1),
(47272, 9, 10156, 0, 3, '34', 11, 1),
(47273, 9, 10156, 24, 4, '20', 11, 1),
(47274, 1, 10157, 1, 1, '28', 11, 1),
(47275, 1, 10157, 24, 2, '35', 11, 1),
(47276, 2, 10158, 24, 1, '14', 11, 1),
(47277, 2, 10158, 24, 2, '5', 11, 1),
(47278, 3, 10159, 24, 1, '21', 11, 1),
(47279, 3, 10159, 0, 2, '18', 11, 1),
(47280, 3, 10159, 0, 3, '31', 11, 1),
(47281, 3, 10159, 0, 4, '29', 11, 1),
(47282, 3, 10159, 0, 5, '26', 11, 1),
(47283, 3, 10159, 22, 6, '21', 11, 1),
(47284, 4, 10160, 6, 1, '28', 11, 1),
(47285, 4, 10160, 23, 2, '16', 11, 1),
(47286, 4, 10160, 0, 3, '85', 11, 1),
(47287, 4, 10160, 0, 4, '14', 11, 1),
(47288, 4, 10160, 21, 5, '26', 11, 1),
(47289, 4, 10160, 24, 6, '8', 11, 1),
(47290, 5, 10161, 24, 1, '23', 11, 1),
(47291, 5, 10161, 13, 2, '18', 11, 1),
(47292, 5, 10161, 0, 3, '101.6', 11, 1),
(47293, 5, 10161, 0, 4, '16', 11, 1),
(47294, 5, 10161, 21, 5, '41.4', 11, 1),
(47295, 5, 10161, 22, 6, '20.6', 11, 1),
(47296, 6, 10162, 0, 1, '7', 11, 1),
(47297, 6, 10162, 13, 2, '27', 11, 1),
(47298, 6, 10162, 0, 3, '32.4', 11, 1),
(47299, 6, 10162, 17, 4, '30', 11, 1),
(47300, 6, 10162, 21, 5, '29', 11, 1),
(47301, 6, 10162, 24, 6, '25', 11, 1),
(47302, 7, 10163, 1, 1, '31', 11, 1),
(47303, 7, 10163, 23, 2, '16', 11, 1),
(47304, 7, 10163, 9, 3, '354.8', 11, 1),
(47305, 7, 10163, 17, 4, '21', 11, 1),
(47306, 7, 10163, 0, 5, '17', 11, 1),
(47307, 7, 10163, 0, 6, '25', 11, 1),
(47308, 8, 10164, 6, 1, '22', 11, 1),
(47309, 8, 10164, 23, 2, '73.4', 11, 1),
(47310, 8, 10164, 9, 3, '24', 11, 1),
(47311, 8, 10164, 0, 4, '35', 11, 1),
(47312, 8, 10164, 21, 5, '12', 11, 1),
(47313, 8, 10164, 0, 6, '49.3', 11, 1),
(47314, 9, 10165, 0, 1, '11', 11, 1),
(47315, 9, 10165, 23, 2, '8', 11, 1),
(47316, 9, 10165, 0, 3, '45.1', 11, 1),
(47317, 9, 10165, 17, 4, '29', 11, 1),
(47318, 9, 10165, 0, 5, '27', 11, 1),
(47319, 9, 10165, 22, 6, '16', 11, 1),
(47320, 1, 10166, 0, 1, '9', 11, 1),
(47321, 1, 10166, 23, 2, '6', 11, 1),
(47322, 1, 10166, 0, 3, '22', 11, 1),
(47323, 1, 10166, 17, 4, '51', 11, 1),
(47324, 1, 10166, 21, 5, '6', 11, 1),
(47325, 1, 10166, 0, 6, '25', 11, 1),
(47326, 2, 10167, 24, 1, '14', 11, 1),
(47327, 2, 10167, 13, 2, '25', 11, 1),
(47328, 2, 10167, 9, 3, '34', 11, 1),
(47329, 2, 10167, 0, 4, '33', 11, 1),
(47330, 2, 10167, 21, 5, '29', 11, 1),
(47331, 2, 10167, 0, 6, '13', 11, 1),
(47332, 3, 10168, 6, 1, '22', 11, 1),
(47333, 3, 10168, 13, 2, '17', 11, 1),
(47334, 3, 10168, 9, 3, '5', 11, 1),
(47335, 3, 10168, 0, 4, '8', 11, 1),
(47336, 3, 10168, 21, 5, '32', 11, 1),
(47337, 3, 10168, 22, 6, '8', 11, 1),
(47338, 4, 10169, 0, 1, '34', 11, 1),
(47339, 4, 10169, 13, 2, '9', 11, 1),
(47340, 4, 10169, 9, 3, '33', 11, 1),
(47341, 4, 10169, 0, 4, '5', 11, 1),
(47342, 4, 10169, 24, 5, '23', 11, 1),
(47343, 5, 10170, 1, 1, '24', 11, 1),
(47344, 5, 10170, 23, 2, '27', 11, 1),
(47345, 5, 10170, 0, 3, '29.1', 11, 1),
(47346, 5, 10170, 24, 4, '31', 11, 1),
(47347, 6, 10171, 1, 1, '33', 11, 1),
(47348, 6, 10171, 13, 2, '10', 11, 1),
(47349, 6, 10171, 9, 3, '20', 11, 1),
(47350, 6, 10171, 0, 4, '7', 11, 1),
(47351, 6, 10171, 0, 5, '24', 11, 1),
(47352, 6, 10171, 22, 6, '16', 11, 1),
(47353, 7, 10172, 24, 1, '6', 11, 1),
(47354, 7, 10172, 0, 2, '32', 11, 1),
(47355, 7, 10172, 9, 3, '22', 11, 1),
(47356, 7, 10172, 17, 4, '14', 11, 1),
(47357, 7, 10172, 0, 5, '79.6', 11, 1),
(47358, 7, 10172, 0, 6, '7', 11, 1),
(47359, 8, 10173, 24, 1, '17', 11, 1),
(47360, 9, 10174, 6, 1, '154.1', 11, 1),
(47361, 9, 10174, 13, 2, '28', 11, 1),
(47362, 9, 10174, 0, 3, '35', 11, 1),
(47363, 9, 10174, 24, 4, '9', 11, 1),
(47364, 1, 10175, 24, 1, '6', 11, 1),
(47365, 1, 10175, 0, 2, '24', 11, 1),
(47366, 1, 10175, 9, 3, '18', 11, 1),
(47367, 1, 10175, 17, 4, '32', 11, 1),
(47368, 1, 10175, 0, 5, '34', 11, 1),
(47369, 1, 10175, 0, 6, '8', 11, 1),
(47370, 2, 10176, 6, 1, '14', 11, 1),
(47371, 2, 10176, 23, 2, '7', 11, 1),
(47372, 2, 10176, 0, 3, '14', 11, 1),
(47373, 2, 10176, 17, 4, '30.3', 11, 1),
(47374, 2, 10176, 21, 5, '19', 11, 1),
(47375, 2, 10176, 0, 6, '26', 11, 1),
(47376, 3, 10177, 24, 1, '7', 11, 1),
(47377, 4, 10178, 24, 1, '5', 11, 1),
(47378, 4, 10178, 23, 2, '22', 11, 1),
(47379, 4, 10178, 9, 3, '22', 11, 1),
(47380, 4, 10178, 0, 4, '24', 11, 1),
(47381, 4, 10178, 24, 5, '29', 11, 1),
(47382, 5, 10179, 6, 1, '48.1', 11, 1),
(47383, 5, 10179, 23, 2, '32', 11, 1),
(47384, 5, 10179, 0, 3, '20', 11, 1),
(47385, 5, 10179, 0, 4, '27.1', 11, 1),
(47386, 5, 10179, 21, 5, '21', 11, 1),
(47387, 5, 10179, 22, 6, '19', 11, 1),
(47388, 6, 10180, 0, 1, '33', 11, 1),
(47389, 6, 10180, 0, 2, '29', 11, 1),
(47390, 6, 10180, 24, 3, '22', 11, 1),
(47391, 7, 10181, 0, 1, '9', 11, 1),
(47392, 7, 10181, 0, 2, '32', 11, 1),
(47393, 7, 10181, 0, 3, '37', 11, 1),
(47394, 7, 10181, 0, 4, '20', 11, 1),
(47395, 7, 10181, 21, 5, '32', 11, 1),
(47396, 7, 10181, 0, 6, '33', 11, 1),
(47397, 8, 10182, 0, 1, '9', 11, 1),
(47398, 8, 10182, 23, 2, '27', 11, 1),
(47399, 8, 10182, 9, 3, '11', 11, 1),
(47400, 8, 10182, 24, 4, '26', 11, 1),
(47401, 9, 10183, 24, 1, '13', 11, 1),
(47402, 9, 10183, 13, 2, '19', 11, 1),
(47403, 9, 10183, 9, 3, '9', 11, 1),
(47404, 9, 10183, 0, 4, '29', 11, 1),
(47405, 9, 10183, 0, 5, '17', 11, 1),
(47406, 9, 10183, 22, 6, '16', 11, 1),
(47407, 1, 10184, 0, 1, '27', 11, 1),
(47408, 1, 10184, 23, 2, '34', 11, 1),
(47409, 1, 10184, 0, 3, '34', 11, 1),
(47410, 1, 10184, 17, 4, '12', 11, 1),
(47411, 1, 10184, 21, 5, '29', 11, 1),
(47412, 1, 10184, 22, 6, '6', 11, 1),
(47413, 2, 10185, 0, 1, '66.5', 11, 1),
(47414, 2, 10185, 0, 2, '16', 11, 1),
(47415, 2, 10185, 0, 3, '33', 11, 1),
(47416, 2, 10185, 17, 4, '24', 11, 1),
(47417, 2, 10185, 24, 5, '10', 11, 1),
(47418, 3, 10186, 24, 1, '27', 11, 1),
(47419, 3, 10186, 0, 2, '8', 11, 1),
(47420, 3, 10186, 9, 3, '17', 11, 1),
(47421, 3, 10186, 17, 4, '10', 11, 1),
(47422, 3, 10186, 21, 5, '20', 11, 1),
(47423, 3, 10186, 22, 6, '35', 11, 1),
(47424, 4, 10187, 1, 1, '38.6', 11, 1),
(47425, 4, 10187, 13, 2, '20', 11, 1),
(47426, 4, 10187, 24, 3, '23', 11, 1),
(47427, 5, 10188, 0, 1, '19', 11, 1),
(47428, 5, 10188, 23, 2, '32', 11, 1),
(47429, 5, 10188, 0, 3, '28', 11, 1),
(47430, 5, 10188, 17, 4, '46.9', 11, 1),
(47431, 5, 10188, 0, 5, '9', 11, 1),
(47432, 5, 10188, 22, 6, '12', 11, 1),
(47433, 6, 10189, 1, 1, '32', 11, 1),
(47434, 6, 10189, 0, 2, '35', 11, 1),
(47435, 6, 10189, 24, 3, '7', 11, 1),
(47436, 7, 10190, 0, 1, '16', 11, 1),
(47437, 7, 10190, 13, 2, '27', 11, 1),
(47438, 7, 10190, 0, 3, '12.9', 11, 1),
(47439, 7, 10190, 17, 4, '35', 11, 1),
(47440, 7, 10190, 0, 5, '33', 11, 1),
(47441, 7, 10190, 0, 6, '14', 11, 1),
(47442, 8, 10191, 6, 1, '27', 11, 1),
(47443, 8, 10191, 23, 2, '13', 11, 1),
(47444, 8, 10191, 0, 3, '21', 11, 1),
(47445, 8, 10191, 17, 4, '24', 11, 1),
(47446, 8, 10191, 0, 5, '9', 11, 1),
(47447, 8, 10191, 22, 6, '9', 11, 1),
(47448, 9, 10192, 1, 1, '13', 11, 1),
(47449, 9, 10192, 0, 2, '22', 11, 1),
(47450, 9, 10192, 0, 3, '25', 11, 1),
(47451, 9, 10192, 17, 4, '24', 11, 1),
(47452, 9, 10192, 21, 5, '13.9', 11, 1),
(47453, 9, 10192, 0, 6, '13', 11, 1),
(47454, 1, 10193, 0, 1, '18', 11, 1),
(47455, 1, 10193, 24, 2, '18', 11, 1),
(47456, 2, 10194, 6, 1, '20', 11, 1),
(47457, 2, 10194, 23, 2, '62.3', 11, 1),
(47458, 2, 10194, 0, 3, '35', 11, 1),
(47459, 2, 10194, 17, 4, '7.8', 11, 1),
(47460, 2, 10194, 21, 5, '32', 11, 1),
(47461, 2, 10194, 22, 6, '30', 11, 1),
(47462, 3, 10195, 24, 1, '18', 11, 1),
(47463, 3, 10195, 0, 2, '16', 11, 1),
(47464, 3, 10195, 0, 3, '33', 11, 1),
(47465, 3, 10195, 0, 4, '28', 11, 1),
(47466, 3, 10195, 21, 5, '7', 11, 1),
(47467, 3, 10195, 0, 6, '25', 11, 1),
(47468, 4, 10196, 24, 1, '26', 11, 1),
(47469, 5, 10197, 24, 1, '25', 11, 1),
(47470, 5, 10197, 13, 2, '66.8', 11, 1),
(47471, 5, 10197, 0, 3, '34', 11, 1),
(47472, 5, 10197, 0, 4, '30', 11, 1),
(47473, 5, 10197, 24, 5, '22', 11, 1),
(47474, 6, 10198, 0, 1, '27', 11, 1),
(47475, 6, 10198, 23, 2, '17', 11, 1),
(47476, 6, 10198, 9, 3, '43.5', 11, 1),
(47477, 6, 10198, 17, 4, '16', 11, 1),
(47478, 6, 10198, 0, 5, '29', 11, 1),
(47479, 6, 10198, 22, 6, '14', 11, 1),
(47480, 7, 10199, 0, 1, '23.8', 11, 1),
(47481, 7, 10199, 24, 2, '33', 11, 1),
(47482, 8, 10200, 0, 1, '22.4', 11, 1),
(47483, 8, 10200, 13, 2, '22', 11, 1),
(47484, 8, 10200, 0, 3, '44', 11, 1),
(47485, 8, 10200, 0, 4, '29', 11, 1),
(47486, 8, 10200, 0, 5, '12', 11, 1),
(47487, 8, 10200, 22, 6, '7', 11, 1),
(47488, 9, 10201, 1, 1, '18.6', 11, 1),
(47489, 9, 10201, 24, 2, '6', 11, 1),
(47490, 1, 10202, 6, 1, '14', 11, 1),
(47491, 1, 10202, 0, 2, '11', 11, 1),
(47492, 1, 10202, 0, 3, '10', 11, 1),
(47493, 1, 10202, 0, 4, '47.3', 11, 1),
(47494, 1, 10202, 0, 5, '33', 11, 1),
(47495, 1, 10202, 22, 6, '11', 11, 1),
(47496, 2, 10203, 6, 1, '27', 11, 1),
(47497, 2, 10203, 13, 2, '28.5', 11, 1),
(47498, 2, 10203, 9, 3, '5', 11, 1),
(47499, 2, 10203, 24, 4, '16', 11, 1),
(47500, 3, 10204, 24, 1, '20.9', 11, 1),
(47501, 3, 10204, 23, 2, '29', 11, 1),
(47502, 3, 10204, 0, 3, '27', 11, 1),
(47503, 3, 10204, 0, 4, '16', 11, 1),
(47504, 3, 10204, 21, 5, '31', 11, 1),
(47505, 3, 10204, 0, 6, '27', 11, 1),
(47506, 4, 10205, 6, 1, '8', 11, 1),
(47507, 4, 10205, 0, 2, '23', 11, 1),
(47508, 4, 10205, 9, 3, '13', 11, 1),
(47509, 4, 10205, 17, 4, '28', 11, 1),
(47510, 4, 10205, 0, 5, '7', 11, 1),
(47511, 4, 10205, 24, 6, '33', 11, 1),
(47512, 5, 10206, 24, 1, '10', 11, 1),
(47513, 6, 10207, 6, 1, '18', 11, 1),
(47514, 6, 10207, 0, 2, '34', 11, 1),
(47515, 6, 10207, 0, 3, '15', 11, 1),
(47516, 6, 10207, 24, 4, '33', 11, 1),
(47517, 7, 10208, 6, 1, '6', 11, 1),
(47518, 7, 10208, 13, 2, '20', 11, 1),
(47519, 7, 10208, 9, 3, '27', 11, 1),
(47520, 7, 10208, 17, 4, '18', 11, 1),
(47521, 7, 10208, 0, 5, '31', 11, 1),
(47522, 7, 10208, 0, 6, '26', 11, 1),
(47523, 8, 10209, 24, 1, '10', 11, 1),
(47524, 8, 10209, 13, 2, '9.7', 11, 1),
(47525, 8, 10209, 9, 3, '20', 11, 1),
(47526, 8, 10209, 17, 4, '116.9', 11, 1),
(47527, 8, 10209, 24, 5, '29', 11, 1),
(47528, 9, 10210, 24, 1, '16', 11, 1),
(47529, 1, 10211, 1, 1, '8', 12, 1),
(47530, 1, 10211, 23, 2, '6', 12, 1),
(47531, 1, 10211, 9, 3, '30', 12, 1),
(47532, 1, 10211, 0, 4, '31', 12, 1),
(47533, 1, 10211, 21, 5, '9', 12, 1),
(47534, 1, 10211, 0, 6, '10', 12, 1),
(47535, 2, 10212, 24, 1, '31', 12, 1),
(47536, 3, 10213, 24, 1, '18', 12, 1),
(47537, 4, 10214, 1, 1, '16', 12, 1),
(47538, 4, 10214, 13, 2, '25', 12, 1),
(47539, 4, 10214, 9, 3, '8', 12, 1),
(47540, 4, 10214, 0, 4, '17', 12, 1),
(47541, 4, 10214, 0, 5, '29', 12, 1),
(47542, 4, 10214, 0, 6, '34', 12, 1),
(47543, 5, 10215, 1, 1, '9', 12, 1),
(47544, 5, 10215, 0, 2, '55.3', 12, 1),
(47545, 5, 10215, 0, 3, '9', 12, 1),
(47546, 5, 10215, 17, 4, '14', 12, 1),
(47547, 5, 10215, 24, 5, '29', 12, 1),
(47548, 6, 10216, 0, 1, '6', 12, 1),
(47549, 6, 10216, 0, 2, '32', 12, 1),
(47550, 6, 10216, 0, 3, '8', 12, 1),
(47551, 6, 10216, 17, 4, '22', 12, 1),
(47552, 6, 10216, 21, 5, '24', 12, 1),
(47553, 6, 10216, 0, 6, '7', 12, 1),
(47554, 7, 10217, 1, 1, '15', 12, 1),
(47555, 7, 10217, 0, 2, '11', 12, 1),
(47556, 7, 10217, 0, 3, '5', 12, 1),
(47557, 7, 10217, 0, 4, '25', 12, 1),
(47558, 7, 10217, 0, 5, '17', 12, 1),
(47559, 7, 10217, 22, 6, '10', 12, 1),
(47560, 8, 10218, 24, 1, '13', 12, 1),
(47561, 9, 10219, 6, 1, '25', 12, 1),
(47562, 9, 10219, 13, 2, '119.4', 12, 1),
(47563, 9, 10219, 9, 3, '13', 12, 1),
(47564, 9, 10219, 17, 4, '28', 12, 1),
(47565, 9, 10219, 21, 5, '20', 12, 1),
(47566, 9, 10219, 0, 6, '34', 12, 1),
(47567, 1, 10220, 0, 1, '7', 12, 1),
(47568, 1, 10220, 0, 2, '16', 12, 1),
(47569, 1, 10220, 0, 3, '29', 12, 1),
(47570, 1, 10220, 0, 4, '29', 12, 1),
(47571, 1, 10220, 21, 5, '15', 12, 1),
(47572, 1, 10220, 22, 6, '33', 12, 1),
(47573, 2, 10221, 24, 1, '21', 12, 1),
(47574, 2, 10221, 13, 2, '22', 12, 1),
(47575, 2, 10221, 9, 3, '7', 12, 1),
(47576, 2, 10221, 24, 4, '19', 12, 1),
(47577, 3, 10222, 6, 1, '23', 12, 1),
(47578, 3, 10222, 13, 2, '19', 12, 1),
(47579, 3, 10222, 0, 3, '12', 12, 1),
(47580, 3, 10222, 17, 4, '10', 12, 1),
(47581, 3, 10222, 0, 5, '51.1', 12, 1),
(47582, 3, 10222, 22, 6, '22.5', 12, 1),
(47583, 4, 10223, 1, 1, '53.8', 12, 1),
(47584, 4, 10223, 13, 2, '34', 12, 1),
(47585, 4, 10223, 9, 3, '22', 12, 1),
(47586, 4, 10223, 17, 4, '29.5', 12, 1),
(47587, 4, 10223, 0, 5, '19', 12, 1),
(47588, 4, 10223, 0, 6, '18', 12, 1),
(47589, 5, 10224, 24, 1, '16', 12, 1),
(47590, 6, 10225, 6, 1, '32', 12, 1),
(47591, 6, 10225, 0, 2, '25', 12, 1),
(47592, 6, 10225, 0, 3, '31.4', 12, 1),
(47593, 6, 10225, 0, 4, '28', 12, 1),
(47594, 6, 10225, 0, 5, '25', 12, 1),
(47595, 6, 10225, 24, 6, '31', 12, 1),
(47596, 7, 10226, 24, 1, '24', 12, 1),
(47597, 8, 10227, 24, 1, '6', 12, 1),
(47598, 8, 10227, 0, 2, '7', 12, 1),
(47599, 8, 10227, 0, 3, '15', 12, 1),
(47600, 8, 10227, 17, 4, '21', 12, 1),
(47601, 8, 10227, 21, 5, '31', 12, 1),
(47602, 8, 10227, 22, 6, '5', 12, 1),
(47603, 9, 10228, 0, 1, '13', 12, 1),
(47604, 9, 10228, 0, 2, '14', 12, 1),
(47605, 9, 10228, 9, 3, '16', 12, 1),
(47606, 9, 10228, 0, 4, '10', 12, 1),
(47607, 9, 10228, 0, 5, '33', 12, 1),
(47608, 9, 10228, 0, 6, '15', 12, 1),
(47609, 1, 10229, 0, 1, '24', 12, 1),
(47610, 1, 10229, 0, 2, '44.3', 12, 1),
(47611, 1, 10229, 0, 3, '28', 12, 1),
(47612, 1, 10229, 0, 4, '192.6', 12, 1),
(47613, 1, 10229, 0, 5, '8', 12, 1),
(47614, 1, 10229, 0, 6, '15', 12, 1),
(47615, 2, 10230, 24, 1, '35', 12, 1),
(47616, 2, 10230, 0, 2, '26.1', 12, 1),
(47617, 2, 10230, 9, 3, '13', 12, 1);
INSERT INTO `actividades` (`id_record`, `id_modulo`, `id_orden`, `id_problema`, `id_operacion`, `tiempo`, `ejecucion`, `active`) VALUES
(47618, 2, 10230, 0, 4, '5', 12, 1),
(47619, 2, 10230, 21, 5, '28', 12, 1),
(47620, 2, 10230, 24, 6, '17', 12, 1),
(47621, 3, 10231, 1, 1, '6', 12, 1),
(47622, 3, 10231, 23, 2, '26', 12, 1),
(47623, 3, 10231, 0, 3, '31', 12, 1),
(47624, 3, 10231, 24, 4, '17', 12, 1),
(47625, 4, 10232, 6, 1, '11', 12, 1),
(47626, 4, 10232, 13, 2, '63.3', 12, 1),
(47627, 4, 10232, 9, 3, '20', 12, 1),
(47628, 4, 10232, 0, 4, '20', 12, 1),
(47629, 4, 10232, 0, 5, '25', 12, 1),
(47630, 4, 10232, 24, 6, '34', 12, 1),
(47631, 5, 10233, 24, 1, '12', 12, 1),
(47632, 5, 10233, 0, 2, '7', 12, 1),
(47633, 5, 10233, 9, 3, '16', 12, 1),
(47634, 5, 10233, 24, 4, '34', 12, 1),
(47635, 6, 10234, 0, 1, '20', 12, 1),
(47636, 6, 10234, 23, 2, '20', 12, 1),
(47637, 6, 10234, 0, 3, '12', 12, 1),
(47638, 6, 10234, 24, 4, '33', 12, 1),
(47639, 7, 10235, 24, 1, '5', 12, 1),
(47640, 8, 10236, 6, 1, '17', 12, 1),
(47641, 8, 10236, 23, 2, '11', 12, 1),
(47642, 8, 10236, 0, 3, '173.4', 12, 1),
(47643, 8, 10236, 17, 4, '12', 12, 1),
(47644, 8, 10236, 21, 5, '11', 12, 1),
(47645, 8, 10236, 0, 6, '26', 12, 1),
(47646, 9, 10237, 1, 1, '31', 12, 1),
(47647, 9, 10237, 0, 2, '18', 12, 1),
(47648, 9, 10237, 9, 3, '25', 12, 1),
(47649, 9, 10237, 17, 4, '12', 12, 1),
(47650, 9, 10237, 0, 5, '26.3', 12, 1),
(47651, 9, 10237, 22, 6, '5', 12, 1),
(47652, 1, 10238, 24, 1, '8', 12, 1),
(47653, 1, 10238, 23, 2, '23', 12, 1),
(47654, 1, 10238, 0, 3, '19', 12, 1),
(47655, 1, 10238, 17, 4, '10', 12, 1),
(47656, 1, 10238, 21, 5, '26', 12, 1),
(47657, 1, 10238, 22, 6, '19', 12, 1),
(47658, 2, 10239, 0, 1, '21', 12, 1),
(47659, 2, 10239, 13, 2, '13', 12, 1),
(47660, 2, 10239, 0, 3, '57.7', 12, 1),
(47661, 2, 10239, 17, 4, '15', 12, 1),
(47662, 2, 10239, 21, 5, '17', 12, 1),
(47663, 2, 10239, 22, 6, '23', 12, 1),
(47664, 3, 10240, 0, 1, '24', 12, 1),
(47665, 3, 10240, 23, 2, '28', 12, 1),
(47666, 3, 10240, 0, 3, '26', 12, 1),
(47667, 3, 10240, 0, 4, '24', 12, 1),
(47668, 3, 10240, 24, 5, '13', 12, 1),
(47669, 4, 10241, 24, 1, '15', 12, 1),
(47670, 4, 10241, 0, 2, '15', 12, 1),
(47671, 4, 10241, 0, 3, '22', 12, 1),
(47672, 4, 10241, 0, 4, '25', 12, 1),
(47673, 4, 10241, 21, 5, '26', 12, 1),
(47674, 4, 10241, 22, 6, '13', 12, 1),
(47675, 5, 10242, 24, 1, '20', 12, 1),
(47676, 5, 10242, 0, 2, '33', 12, 1),
(47677, 5, 10242, 0, 3, '25', 12, 1),
(47678, 5, 10242, 17, 4, '15', 12, 1),
(47679, 5, 10242, 24, 5, '5', 12, 1),
(47680, 6, 10243, 1, 1, '34', 12, 1),
(47681, 6, 10243, 0, 2, '17.3', 12, 1),
(47682, 6, 10243, 0, 3, '5', 12, 1),
(47683, 6, 10243, 17, 4, '33', 12, 1),
(47684, 6, 10243, 21, 5, '7', 12, 1),
(47685, 6, 10243, 22, 6, '25', 12, 1),
(47686, 7, 10244, 1, 1, '17', 12, 1),
(47687, 7, 10244, 0, 2, '22', 12, 1),
(47688, 7, 10244, 9, 3, '30', 12, 1),
(47689, 7, 10244, 0, 4, '17', 12, 1),
(47690, 7, 10244, 0, 5, '5', 12, 1),
(47691, 7, 10244, 24, 6, '32', 12, 1),
(47692, 8, 10245, 24, 1, '35.6', 12, 1),
(47693, 8, 10245, 0, 2, '25', 12, 1),
(47694, 8, 10245, 24, 3, '28', 12, 1),
(47695, 9, 10246, 24, 1, '34', 12, 1),
(47696, 9, 10246, 13, 2, '34', 12, 1),
(47697, 9, 10246, 9, 3, '5', 12, 1),
(47698, 9, 10246, 0, 4, '32', 12, 1),
(47699, 9, 10246, 24, 5, '28', 12, 1),
(47700, 1, 10247, 1, 1, '18', 12, 1),
(47701, 1, 10247, 23, 2, '34', 12, 1),
(47702, 1, 10247, 0, 3, '24', 12, 1),
(47703, 1, 10247, 0, 4, '22', 12, 1),
(47704, 1, 10247, 21, 5, '15', 12, 1),
(47705, 1, 10247, 22, 6, '6', 12, 1),
(47706, 2, 10248, 6, 1, '15', 12, 1),
(47707, 2, 10248, 13, 2, '11', 12, 1),
(47708, 2, 10248, 9, 3, '15', 12, 1),
(47709, 2, 10248, 17, 4, '122.4', 12, 1),
(47710, 2, 10248, 21, 5, '25', 12, 1),
(47711, 2, 10248, 22, 6, '52.2', 12, 1),
(47712, 3, 10249, 24, 1, '7', 12, 1),
(47713, 3, 10249, 0, 2, '5', 12, 1),
(47714, 3, 10249, 0, 3, '15', 12, 1),
(47715, 3, 10249, 0, 4, '28.3', 12, 1),
(47716, 3, 10249, 21, 5, '17', 12, 1),
(47717, 3, 10249, 0, 6, '9', 12, 1),
(47718, 4, 10250, 24, 1, '12', 12, 1),
(47719, 5, 10251, 0, 1, '24', 12, 1),
(47720, 5, 10251, 13, 2, '9', 12, 1),
(47721, 5, 10251, 9, 3, '26', 12, 1),
(47722, 5, 10251, 17, 4, '21', 12, 1),
(47723, 5, 10251, 21, 5, '15', 12, 1),
(47724, 5, 10251, 22, 6, '15', 12, 1),
(47725, 6, 10252, 0, 1, '13', 12, 1),
(47726, 6, 10252, 13, 2, '15', 12, 1),
(47727, 6, 10252, 24, 3, '13', 12, 1),
(47728, 7, 10253, 1, 1, '13', 12, 1),
(47729, 7, 10253, 0, 2, '23', 12, 1),
(47730, 7, 10253, 9, 3, '21', 12, 1),
(47731, 7, 10253, 0, 4, '33.3', 12, 1),
(47732, 7, 10253, 0, 5, '33', 12, 1),
(47733, 7, 10253, 24, 6, '21', 12, 1),
(47734, 8, 10254, 0, 1, '41.1', 12, 1),
(47735, 8, 10254, 23, 2, '13', 12, 1),
(47736, 8, 10254, 24, 3, '13', 12, 1),
(47737, 9, 10255, 0, 1, '34', 12, 1),
(47738, 9, 10255, 24, 2, '28', 12, 1),
(47739, 1, 10256, 24, 1, '26', 12, 1),
(47740, 1, 10256, 23, 2, '5.8', 12, 1),
(47741, 1, 10256, 9, 3, '28', 12, 1),
(47742, 1, 10256, 17, 4, '49.2', 12, 1),
(47743, 1, 10256, 21, 5, '17', 12, 1),
(47744, 1, 10256, 22, 6, '31', 12, 1),
(47745, 2, 10257, 6, 1, '12', 12, 1),
(47746, 2, 10257, 13, 2, '57.3', 12, 1),
(47747, 2, 10257, 9, 3, '13', 12, 1),
(47748, 2, 10257, 0, 4, '14', 12, 1),
(47749, 2, 10257, 0, 5, '18', 12, 1),
(47750, 2, 10257, 22, 6, '32', 12, 1),
(47751, 3, 10258, 0, 1, '16', 12, 1),
(47752, 3, 10258, 13, 2, '9', 12, 1),
(47753, 3, 10258, 9, 3, '32', 12, 1),
(47754, 3, 10258, 17, 4, '30', 12, 1),
(47755, 3, 10258, 24, 5, '26', 12, 1),
(47756, 4, 10259, 6, 1, '34', 12, 1),
(47757, 4, 10259, 24, 2, '34', 12, 1),
(47758, 5, 10260, 0, 1, '15', 12, 1),
(47759, 5, 10260, 0, 2, '22', 12, 1),
(47760, 5, 10260, 24, 3, '12', 12, 1),
(47761, 6, 10261, 1, 1, '27', 12, 1),
(47762, 6, 10261, 13, 2, '434.9', 12, 1),
(47763, 6, 10261, 9, 3, '11', 12, 1),
(47764, 6, 10261, 24, 4, '20', 12, 1),
(47765, 7, 10262, 6, 1, '6', 12, 1),
(47766, 7, 10262, 23, 2, '16', 12, 1),
(47767, 7, 10262, 24, 3, '19', 12, 1),
(47768, 8, 10263, 6, 1, '26', 12, 1),
(47769, 8, 10263, 0, 2, '31.5', 12, 1),
(47770, 8, 10263, 9, 3, '35', 12, 1),
(47771, 8, 10263, 0, 4, '70.9', 12, 1),
(47772, 8, 10263, 21, 5, '15', 12, 1),
(47773, 8, 10263, 0, 6, '19', 12, 1),
(47774, 9, 10264, 0, 1, '17', 12, 1),
(47775, 9, 10264, 0, 2, '20', 12, 1),
(47776, 9, 10264, 9, 3, '22', 12, 1),
(47777, 9, 10264, 0, 4, '35', 12, 1),
(47778, 9, 10264, 21, 5, '22', 12, 1),
(47779, 9, 10264, 0, 6, '25', 12, 1),
(47780, 1, 10265, 6, 1, '9', 12, 1),
(47781, 1, 10265, 0, 2, '15', 12, 1),
(47782, 1, 10265, 9, 3, '6', 12, 1),
(47783, 1, 10265, 0, 4, '26', 12, 1),
(47784, 1, 10265, 21, 5, '6', 12, 1),
(47785, 1, 10265, 22, 6, '20', 12, 1),
(47786, 2, 10266, 1, 1, '32', 12, 1),
(47787, 2, 10266, 13, 2, '22', 12, 1),
(47788, 2, 10266, 0, 3, '19.3', 12, 1),
(47789, 2, 10266, 17, 4, '35', 12, 1),
(47790, 2, 10266, 0, 5, '24', 12, 1),
(47791, 2, 10266, 24, 6, '10', 12, 1),
(47792, 3, 10267, 0, 1, '7', 12, 1),
(47793, 3, 10267, 23, 2, '21', 12, 1),
(47794, 3, 10267, 24, 3, '31', 12, 1),
(47795, 4, 10268, 6, 1, '36.4', 12, 1),
(47796, 4, 10268, 13, 2, '15', 12, 1),
(47797, 4, 10268, 9, 3, '8', 12, 1),
(47798, 4, 10268, 17, 4, '19', 12, 1),
(47799, 4, 10268, 0, 5, '17', 12, 1),
(47800, 4, 10268, 0, 6, '23', 12, 1),
(47801, 5, 10269, 1, 1, '7', 12, 1),
(47802, 5, 10269, 13, 2, '20', 12, 1),
(47803, 5, 10269, 9, 3, '33', 12, 1),
(47804, 5, 10269, 17, 4, '34', 12, 1),
(47805, 5, 10269, 21, 5, '25', 12, 1),
(47806, 5, 10269, 22, 6, '25', 12, 1),
(47807, 6, 10270, 1, 1, '6', 12, 1),
(47808, 6, 10270, 0, 2, '16', 12, 1),
(47809, 6, 10270, 9, 3, '30', 12, 1),
(47810, 6, 10270, 0, 4, '32', 12, 1),
(47811, 6, 10270, 0, 5, '27', 12, 1),
(47812, 6, 10270, 0, 6, '50.7', 12, 1),
(47813, 7, 10271, 0, 1, '16', 12, 1),
(47814, 7, 10271, 0, 2, '11', 12, 1),
(47815, 7, 10271, 9, 3, '28', 12, 1),
(47816, 7, 10271, 17, 4, '17', 12, 1),
(47817, 7, 10271, 0, 5, '35', 12, 1),
(47818, 7, 10271, 24, 6, '30', 12, 1),
(47819, 8, 10272, 24, 1, '18', 12, 1),
(47820, 8, 10272, 0, 2, '10', 12, 1),
(47821, 8, 10272, 9, 3, '35', 12, 1),
(47822, 8, 10272, 0, 4, '23', 12, 1),
(47823, 8, 10272, 0, 5, '12', 12, 1),
(47824, 8, 10272, 22, 6, '23', 12, 1),
(47825, 9, 10273, 0, 1, '32', 12, 1),
(47826, 9, 10273, 13, 2, '31', 12, 1),
(47827, 9, 10273, 24, 3, '27', 12, 1),
(47828, 1, 10274, 0, 1, '5', 12, 1),
(47829, 1, 10274, 13, 2, '20', 12, 1),
(47830, 1, 10274, 0, 3, '20', 12, 1),
(47831, 1, 10274, 17, 4, '9', 12, 1),
(47832, 1, 10274, 0, 5, '5', 12, 1),
(47833, 1, 10274, 22, 6, '11', 12, 1),
(47834, 2, 10275, 0, 1, '14', 12, 1),
(47835, 2, 10275, 23, 2, '17', 12, 1),
(47836, 2, 10275, 0, 3, '8', 12, 1),
(47837, 2, 10275, 17, 4, '22.7', 12, 1),
(47838, 2, 10275, 21, 5, '21', 12, 1),
(47839, 2, 10275, 0, 6, '35', 12, 1),
(47840, 3, 10276, 6, 1, '28', 12, 1),
(47841, 3, 10276, 23, 2, '27', 12, 1),
(47842, 3, 10276, 0, 3, '180.6', 12, 1),
(47843, 3, 10276, 17, 4, '46.2', 12, 1),
(47844, 3, 10276, 21, 5, '26', 12, 1),
(47845, 3, 10276, 22, 6, '27', 12, 1),
(47846, 4, 10277, 24, 1, '19', 12, 1),
(47847, 5, 10278, 1, 1, '22', 12, 1),
(47848, 5, 10278, 0, 2, '15', 12, 1),
(47849, 5, 10278, 0, 3, '5', 12, 1),
(47850, 5, 10278, 0, 4, '30', 12, 1),
(47851, 5, 10278, 21, 5, '20', 12, 1),
(47852, 5, 10278, 22, 6, '12', 12, 1),
(47853, 6, 10279, 1, 1, '29', 12, 1),
(47854, 6, 10279, 0, 2, '15', 12, 1),
(47855, 6, 10279, 0, 3, '27.2', 12, 1),
(47856, 6, 10279, 0, 4, '6', 12, 1),
(47857, 6, 10279, 0, 5, '23', 12, 1),
(47858, 6, 10279, 22, 6, '19', 12, 1),
(47859, 7, 10280, 24, 1, '7', 12, 1),
(47860, 7, 10280, 13, 2, '19', 12, 1),
(47861, 7, 10280, 9, 3, '7', 12, 1),
(47862, 7, 10280, 0, 4, '31', 12, 1),
(47863, 7, 10280, 0, 5, '14', 12, 1),
(47864, 7, 10280, 0, 6, '18.2', 12, 1),
(47865, 8, 10281, 6, 1, '12', 12, 1),
(47866, 8, 10281, 13, 2, '17', 12, 1),
(47867, 8, 10281, 9, 3, '8', 12, 1),
(47868, 8, 10281, 24, 4, '9', 12, 1),
(47869, 9, 10282, 6, 1, '20', 12, 1),
(47870, 9, 10282, 13, 2, '11', 12, 1),
(47871, 9, 10282, 9, 3, '5', 12, 1),
(47872, 9, 10282, 24, 4, '19', 12, 1),
(47873, 1, 10283, 6, 1, '30.4', 12, 1),
(47874, 1, 10283, 23, 2, '25', 12, 1),
(47875, 1, 10283, 0, 3, '31', 12, 1),
(47876, 1, 10283, 0, 4, '8', 12, 1),
(47877, 1, 10283, 0, 5, '24', 12, 1),
(47878, 1, 10283, 0, 6, '8', 12, 1),
(47879, 2, 10284, 0, 1, '30', 12, 1),
(47880, 2, 10284, 13, 2, '39.2', 12, 1),
(47881, 2, 10284, 9, 3, '35', 12, 1),
(47882, 2, 10284, 17, 4, '34', 12, 1),
(47883, 2, 10284, 24, 5, '33', 12, 1),
(47884, 3, 10285, 1, 1, '14', 12, 1),
(47885, 3, 10285, 24, 2, '21', 12, 1),
(47886, 4, 10286, 24, 1, '26', 12, 1),
(47887, 5, 10287, 24, 1, '22', 12, 1),
(47888, 5, 10287, 23, 2, '16', 12, 1),
(47889, 5, 10287, 0, 3, '23.9', 12, 1),
(47890, 5, 10287, 17, 4, '26.5', 12, 1),
(47891, 5, 10287, 21, 5, '50.6', 12, 1),
(47892, 5, 10287, 0, 6, '13', 12, 1),
(47893, 6, 10288, 24, 1, '16', 12, 1),
(47894, 6, 10288, 13, 2, '158.5', 12, 1),
(47895, 6, 10288, 9, 3, '16', 12, 1),
(47896, 6, 10288, 17, 4, '63.7', 12, 1),
(47897, 6, 10288, 21, 5, '27', 12, 1),
(47898, 6, 10288, 0, 6, '21', 12, 1),
(47899, 7, 10289, 24, 1, '16', 12, 1),
(47900, 7, 10289, 23, 2, '21', 12, 1),
(47901, 7, 10289, 0, 3, '44.3', 12, 1),
(47902, 7, 10289, 24, 4, '25', 12, 1),
(47903, 8, 10290, 24, 1, '23.8', 12, 1),
(47904, 8, 10290, 13, 2, '23', 12, 1),
(47905, 8, 10290, 9, 3, '29', 12, 1),
(47906, 8, 10290, 17, 4, '12', 12, 1),
(47907, 8, 10290, 0, 5, '26', 12, 1),
(47908, 8, 10290, 0, 6, '14', 12, 1),
(47909, 9, 10291, 6, 1, '31', 12, 1),
(47910, 9, 10291, 24, 2, '22', 12, 1),
(47911, 1, 10292, 0, 1, '29', 13, 1),
(47912, 1, 10292, 23, 2, '17', 13, 1),
(47913, 1, 10292, 0, 3, '29', 13, 1),
(47914, 1, 10292, 17, 4, '10.2', 13, 1),
(47915, 1, 10292, 0, 5, '51.6', 13, 1),
(47916, 1, 10292, 22, 6, '25', 13, 1),
(47917, 2, 10293, 1, 1, '17', 13, 1),
(47918, 2, 10293, 13, 2, '10.6', 13, 1),
(47919, 2, 10293, 0, 3, '28', 13, 1),
(47920, 2, 10293, 17, 4, '12', 13, 1),
(47921, 2, 10293, 0, 5, '34', 13, 1),
(47922, 2, 10293, 22, 6, '12', 13, 1),
(47923, 3, 10294, 6, 1, '35', 13, 1),
(47924, 3, 10294, 13, 2, '25.4', 13, 1),
(47925, 3, 10294, 0, 3, '24', 13, 1),
(47926, 3, 10294, 17, 4, '7', 13, 1),
(47927, 3, 10294, 0, 5, '30', 13, 1),
(47928, 3, 10294, 22, 6, '34', 13, 1),
(47929, 4, 10295, 24, 1, '6', 13, 1),
(47930, 5, 10296, 0, 1, '35', 13, 1),
(47931, 5, 10296, 0, 2, '28', 13, 1),
(47932, 5, 10296, 9, 3, '23', 13, 1),
(47933, 5, 10296, 0, 4, '23.7', 13, 1),
(47934, 5, 10296, 0, 5, '22', 13, 1),
(47935, 5, 10296, 22, 6, '13', 13, 1),
(47936, 6, 10297, 0, 1, '83.8', 13, 1),
(47937, 6, 10297, 0, 2, '30', 13, 1),
(47938, 6, 10297, 9, 3, '14', 13, 1),
(47939, 6, 10297, 24, 4, '33', 13, 1),
(47940, 7, 10298, 1, 1, '34', 13, 1),
(47941, 7, 10298, 23, 2, '12', 13, 1),
(47942, 7, 10298, 0, 3, '25.6', 13, 1),
(47943, 7, 10298, 17, 4, '33', 13, 1),
(47944, 7, 10298, 0, 5, '20.3', 13, 1),
(47945, 7, 10298, 22, 6, '34', 13, 1),
(47946, 8, 10299, 0, 1, '17', 13, 1),
(47947, 8, 10299, 13, 2, '26', 13, 1),
(47948, 8, 10299, 0, 3, '33', 13, 1),
(47949, 8, 10299, 0, 4, '25', 13, 1),
(47950, 8, 10299, 0, 5, '7', 13, 1),
(47951, 8, 10299, 0, 6, '26', 13, 1),
(47952, 9, 10300, 24, 1, '24', 13, 1),
(47953, 9, 10300, 23, 2, '19', 13, 1),
(47954, 9, 10300, 0, 3, '15', 13, 1),
(47955, 9, 10300, 0, 4, '29', 13, 1),
(47956, 9, 10300, 21, 5, '33', 13, 1),
(47957, 9, 10300, 22, 6, '16', 13, 1),
(47958, 1, 10301, 0, 1, '10', 13, 1),
(47959, 1, 10301, 13, 2, '35', 13, 1),
(47960, 1, 10301, 9, 3, '30', 13, 1),
(47961, 1, 10301, 17, 4, '16', 13, 1),
(47962, 1, 10301, 0, 5, '24', 13, 1),
(47963, 1, 10301, 0, 6, '13', 13, 1),
(47964, 2, 10302, 0, 1, '55.6', 13, 1),
(47965, 2, 10302, 0, 2, '28', 13, 1),
(47966, 2, 10302, 9, 3, '12', 13, 1),
(47967, 2, 10302, 17, 4, '30', 13, 1),
(47968, 2, 10302, 21, 5, '15', 13, 1),
(47969, 2, 10302, 22, 6, '8', 13, 1),
(47970, 3, 10303, 24, 1, '5', 13, 1),
(47971, 3, 10303, 0, 2, '16', 13, 1),
(47972, 3, 10303, 0, 3, '5', 13, 1),
(47973, 3, 10303, 0, 4, '15', 13, 1),
(47974, 3, 10303, 0, 5, '18.8', 13, 1),
(47975, 3, 10303, 22, 6, '17', 13, 1),
(47976, 4, 10304, 6, 1, '12', 13, 1),
(47977, 4, 10304, 0, 2, '16', 13, 1),
(47978, 4, 10304, 24, 3, '15', 13, 1),
(47979, 5, 10305, 1, 1, '26', 13, 1),
(47980, 5, 10305, 23, 2, '30', 13, 1),
(47981, 5, 10305, 9, 3, '10', 13, 1),
(47982, 5, 10305, 0, 4, '27', 13, 1),
(47983, 5, 10305, 21, 5, '33', 13, 1),
(47984, 5, 10305, 0, 6, '27', 13, 1),
(47985, 6, 10306, 24, 1, '25', 13, 1),
(47986, 6, 10306, 23, 2, '45', 13, 1),
(47987, 6, 10306, 0, 3, '14.2', 13, 1),
(47988, 6, 10306, 0, 4, '8.1', 13, 1),
(47989, 6, 10306, 21, 5, '25', 13, 1),
(47990, 6, 10306, 24, 6, '24', 13, 1),
(47991, 7, 10307, 6, 1, '25', 13, 1),
(47992, 7, 10307, 0, 2, '24', 13, 1),
(47993, 7, 10307, 9, 3, '33', 13, 1),
(47994, 7, 10307, 17, 4, '26', 13, 1),
(47995, 7, 10307, 21, 5, '20', 13, 1),
(47996, 7, 10307, 24, 6, '17', 13, 1),
(47997, 8, 10308, 0, 1, '7', 13, 1),
(47998, 8, 10308, 13, 2, '20', 13, 1),
(47999, 8, 10308, 0, 3, '6', 13, 1),
(48000, 8, 10308, 17, 4, '9', 13, 1),
(48001, 8, 10308, 0, 5, '31', 13, 1),
(48002, 8, 10308, 22, 6, '22', 13, 1),
(48003, 9, 10309, 1, 1, '13', 13, 1),
(48004, 9, 10309, 24, 2, '19', 13, 1),
(48005, 1, 10310, 0, 1, '52.7', 13, 1),
(48006, 1, 10310, 23, 2, '49', 13, 1),
(48007, 1, 10310, 9, 3, '13.9', 13, 1),
(48008, 1, 10310, 0, 4, '5', 13, 1),
(48009, 1, 10310, 21, 5, '24', 13, 1),
(48010, 1, 10310, 0, 6, '35.5', 13, 1),
(48011, 2, 10311, 24, 1, '6', 13, 1),
(48012, 2, 10311, 13, 2, '33', 13, 1),
(48013, 2, 10311, 9, 3, '11', 13, 1),
(48014, 2, 10311, 0, 4, '13', 13, 1),
(48015, 2, 10311, 21, 5, '45.5', 13, 1),
(48016, 2, 10311, 0, 6, '89.9', 13, 1),
(48017, 3, 10312, 1, 1, '23', 13, 1),
(48018, 3, 10312, 23, 2, '10', 13, 1),
(48019, 3, 10312, 0, 3, '7', 13, 1),
(48020, 3, 10312, 24, 4, '9', 13, 1),
(48021, 4, 10313, 24, 1, '26', 13, 1),
(48022, 4, 10313, 23, 2, '9', 13, 1),
(48023, 4, 10313, 0, 3, '26', 13, 1),
(48024, 4, 10313, 17, 4, '23', 13, 1),
(48025, 4, 10313, 21, 5, '21', 13, 1),
(48026, 4, 10313, 22, 6, '27', 13, 1),
(48027, 5, 10314, 6, 1, '33', 13, 1),
(48028, 5, 10314, 13, 2, '14', 13, 1),
(48029, 5, 10314, 9, 3, '23', 13, 1),
(48030, 5, 10314, 17, 4, '6', 13, 1),
(48031, 5, 10314, 24, 5, '15', 13, 1),
(48032, 6, 10315, 6, 1, '30', 13, 1),
(48033, 6, 10315, 23, 2, '35', 13, 1),
(48034, 6, 10315, 0, 3, '5', 13, 1),
(48035, 6, 10315, 17, 4, '21', 13, 1),
(48036, 6, 10315, 21, 5, '23', 13, 1),
(48037, 6, 10315, 0, 6, '31', 13, 1),
(48038, 7, 10316, 24, 1, '15', 13, 1),
(48039, 7, 10316, 23, 2, '26', 13, 1),
(48040, 7, 10316, 9, 3, '35', 13, 1),
(48041, 7, 10316, 0, 4, '29', 13, 1),
(48042, 7, 10316, 0, 5, '12', 13, 1),
(48043, 7, 10316, 22, 6, '34', 13, 1),
(48044, 8, 10317, 1, 1, '65.2', 13, 1),
(48045, 8, 10317, 23, 2, '21', 13, 1),
(48046, 8, 10317, 9, 3, '17', 13, 1),
(48047, 8, 10317, 17, 4, '11', 13, 1),
(48048, 8, 10317, 24, 5, '30', 13, 1),
(48049, 9, 10318, 6, 1, '37.9', 13, 1),
(48050, 9, 10318, 23, 2, '17', 13, 1),
(48051, 9, 10318, 9, 3, '22', 13, 1),
(48052, 9, 10318, 0, 4, '8', 13, 1),
(48053, 9, 10318, 21, 5, '21', 13, 1),
(48054, 9, 10318, 0, 6, '27', 13, 1),
(48055, 1, 10319, 1, 1, '17', 13, 1),
(48056, 1, 10319, 0, 2, '40.2', 13, 1),
(48057, 1, 10319, 9, 3, '21', 13, 1),
(48058, 1, 10319, 17, 4, '29', 13, 1),
(48059, 1, 10319, 21, 5, '23.8', 13, 1),
(48060, 1, 10319, 0, 6, '17', 13, 1),
(48061, 2, 10320, 1, 1, '25', 13, 1),
(48062, 2, 10320, 24, 2, '34', 13, 1),
(48063, 3, 10321, 0, 1, '21', 13, 1),
(48064, 3, 10321, 0, 2, '12', 13, 1),
(48065, 3, 10321, 24, 3, '18', 13, 1),
(48066, 4, 10322, 0, 1, '33', 13, 1),
(48067, 4, 10322, 0, 2, '10', 13, 1),
(48068, 4, 10322, 0, 3, '29', 13, 1),
(48069, 4, 10322, 0, 4, '26', 13, 1),
(48070, 4, 10322, 0, 5, '17', 13, 1),
(48071, 4, 10322, 22, 6, '31', 13, 1),
(48072, 5, 10323, 24, 1, '21', 13, 1),
(48073, 6, 10324, 1, 1, '19', 13, 1),
(48074, 6, 10324, 23, 2, '26', 13, 1),
(48075, 6, 10324, 0, 3, '15', 13, 1),
(48076, 6, 10324, 0, 4, '37', 13, 1),
(48077, 6, 10324, 21, 5, '19', 13, 1),
(48078, 6, 10324, 22, 6, '15', 13, 1),
(48079, 7, 10325, 1, 1, '84.3', 13, 1),
(48080, 7, 10325, 0, 2, '22', 13, 1),
(48081, 7, 10325, 9, 3, '31', 13, 1),
(48082, 7, 10325, 17, 4, '14', 13, 1),
(48083, 7, 10325, 21, 5, '40.1', 13, 1),
(48084, 7, 10325, 0, 6, '33', 13, 1),
(48085, 8, 10326, 0, 1, '28', 13, 1),
(48086, 8, 10326, 23, 2, '24', 13, 1),
(48087, 8, 10326, 9, 3, '23', 13, 1),
(48088, 8, 10326, 0, 4, '14', 13, 1),
(48089, 8, 10326, 0, 5, '31', 13, 1),
(48090, 8, 10326, 0, 6, '29', 13, 1),
(48091, 9, 10327, 24, 1, '12', 13, 1),
(48092, 9, 10327, 24, 2, '29', 13, 1),
(48093, 1, 10328, 6, 1, '28', 13, 1),
(48094, 1, 10328, 0, 2, '29', 13, 1),
(48095, 1, 10328, 0, 3, '60.2', 13, 1),
(48096, 1, 10328, 0, 4, '8', 13, 1),
(48097, 1, 10328, 0, 5, '31', 13, 1),
(48098, 1, 10328, 0, 6, '13', 13, 1),
(48099, 2, 10329, 1, 1, '22', 13, 1),
(48100, 2, 10329, 13, 2, '19', 13, 1),
(48101, 2, 10329, 9, 3, '34.5', 13, 1),
(48102, 2, 10329, 17, 4, '14', 13, 1),
(48103, 2, 10329, 21, 5, '23', 13, 1),
(48104, 2, 10329, 0, 6, '21', 13, 1),
(48105, 3, 10330, 24, 1, '8', 13, 1),
(48106, 4, 10331, 24, 1, '6', 13, 1),
(48107, 4, 10331, 13, 2, '19.7', 13, 1),
(48108, 4, 10331, 0, 3, '11', 13, 1),
(48109, 4, 10331, 17, 4, '7', 13, 1),
(48110, 4, 10331, 21, 5, '15', 13, 1),
(48111, 4, 10331, 22, 6, '27.9', 13, 1),
(48112, 5, 10332, 1, 1, '32', 13, 1),
(48113, 5, 10332, 13, 2, '6', 13, 1),
(48114, 5, 10332, 9, 3, '23', 13, 1),
(48115, 5, 10332, 0, 4, '30', 13, 1),
(48116, 5, 10332, 21, 5, '24', 13, 1),
(48117, 5, 10332, 22, 6, '14', 13, 1),
(48118, 6, 10333, 24, 1, '28', 13, 1),
(48119, 6, 10333, 24, 2, '13', 13, 1),
(48120, 7, 10334, 6, 1, '29', 13, 1),
(48121, 7, 10334, 13, 2, '33', 13, 1),
(48122, 7, 10334, 0, 3, '30.9', 13, 1),
(48123, 7, 10334, 0, 4, '10', 13, 1),
(48124, 7, 10334, 21, 5, '24', 13, 1),
(48125, 7, 10334, 22, 6, '22', 13, 1),
(48126, 8, 10335, 1, 1, '34', 13, 1),
(48127, 8, 10335, 13, 2, '20.3', 13, 1),
(48128, 8, 10335, 0, 3, '11', 13, 1),
(48129, 8, 10335, 0, 4, '18', 13, 1),
(48130, 8, 10335, 21, 5, '13', 13, 1),
(48131, 8, 10335, 0, 6, '44.9', 13, 1),
(48132, 9, 10336, 1, 1, '27.5', 13, 1),
(48133, 9, 10336, 13, 2, '24', 13, 1),
(48134, 9, 10336, 9, 3, '29', 13, 1),
(48135, 9, 10336, 0, 4, '16', 13, 1),
(48136, 9, 10336, 21, 5, '23', 13, 1),
(48137, 9, 10336, 0, 6, '10', 13, 1),
(48138, 1, 10337, 1, 1, '15', 13, 1),
(48139, 1, 10337, 13, 2, '29', 13, 1),
(48140, 1, 10337, 9, 3, '28', 13, 1),
(48141, 1, 10337, 17, 4, '34', 13, 1),
(48142, 1, 10337, 0, 5, '23', 13, 1),
(48143, 1, 10337, 22, 6, '17', 13, 1),
(48144, 2, 10338, 6, 1, '24', 13, 1),
(48145, 2, 10338, 24, 2, '34', 13, 1),
(48146, 3, 10339, 24, 1, '19', 13, 1),
(48147, 4, 10340, 6, 1, '34', 13, 1),
(48148, 4, 10340, 0, 2, '27', 13, 1),
(48149, 4, 10340, 0, 3, '9', 13, 1),
(48150, 4, 10340, 0, 4, '28', 13, 1),
(48151, 4, 10340, 0, 5, '19', 13, 1),
(48152, 4, 10340, 0, 6, '29', 13, 1),
(48153, 5, 10341, 0, 1, '25', 13, 1),
(48154, 5, 10341, 0, 2, '62', 13, 1),
(48155, 5, 10341, 0, 3, '44.6', 13, 1),
(48156, 5, 10341, 0, 4, '25', 13, 1),
(48157, 5, 10341, 0, 5, '16', 13, 1),
(48158, 5, 10341, 0, 6, '49.6', 13, 1),
(48159, 6, 10342, 1, 1, '14', 13, 1),
(48160, 6, 10342, 23, 2, '7', 13, 1),
(48161, 6, 10342, 0, 3, '38.6', 13, 1),
(48162, 6, 10342, 0, 4, '31', 13, 1),
(48163, 6, 10342, 21, 5, '5', 13, 1),
(48164, 6, 10342, 0, 6, '30', 13, 1),
(48165, 7, 10343, 0, 1, '13', 13, 1),
(48166, 7, 10343, 24, 2, '30', 13, 1),
(48167, 8, 10344, 24, 1, '10', 13, 1),
(48168, 9, 10345, 24, 1, '54', 13, 1),
(48169, 9, 10345, 24, 2, '9', 13, 1),
(48170, 1, 10346, 6, 1, '107.2', 13, 1),
(48171, 1, 10346, 0, 2, '17', 13, 1),
(48172, 1, 10346, 9, 3, '7', 13, 1),
(48173, 1, 10346, 0, 4, '17', 13, 1),
(48174, 1, 10346, 0, 5, '20', 13, 1),
(48175, 1, 10346, 22, 6, '34', 13, 1),
(48176, 2, 10347, 1, 1, '30', 13, 1),
(48177, 2, 10347, 23, 2, '28', 13, 1),
(48178, 2, 10347, 9, 3, '29', 13, 1),
(48179, 2, 10347, 17, 4, '22', 13, 1),
(48180, 2, 10347, 21, 5, '10', 13, 1),
(48181, 2, 10347, 24, 6, '10', 13, 1),
(48182, 3, 10348, 24, 1, '15', 13, 1),
(48183, 4, 10349, 6, 1, '9.3', 13, 1),
(48184, 4, 10349, 23, 2, '8', 13, 1),
(48185, 4, 10349, 9, 3, '26', 13, 1),
(48186, 4, 10349, 17, 4, '10', 13, 1),
(48187, 4, 10349, 0, 5, '8', 13, 1),
(48188, 4, 10349, 22, 6, '24', 13, 1),
(48189, 5, 10350, 0, 1, '85.3', 13, 1),
(48190, 5, 10350, 13, 2, '55.3', 13, 1),
(48191, 5, 10350, 0, 3, '28', 13, 1),
(48192, 5, 10350, 17, 4, '5', 13, 1),
(48193, 5, 10350, 0, 5, '33', 13, 1),
(48194, 5, 10350, 22, 6, '5', 13, 1),
(48195, 6, 10351, 24, 1, '19', 13, 1),
(48196, 6, 10351, 0, 2, '30', 13, 1),
(48197, 6, 10351, 0, 3, '10', 13, 1),
(48198, 6, 10351, 17, 4, '10.5', 13, 1),
(48199, 6, 10351, 21, 5, '34', 13, 1),
(48200, 6, 10351, 0, 6, '25.7', 13, 1),
(48201, 7, 10352, 0, 1, '14', 13, 1),
(48202, 7, 10352, 13, 2, '26', 13, 1),
(48203, 7, 10352, 0, 3, '26', 13, 1),
(48204, 7, 10352, 0, 4, '19', 13, 1),
(48205, 7, 10352, 21, 5, '23', 13, 1),
(48206, 7, 10352, 0, 6, '10', 13, 1),
(48207, 8, 10353, 6, 1, '29', 13, 1),
(48208, 8, 10353, 13, 2, '21', 13, 1),
(48209, 8, 10353, 24, 3, '35', 13, 1),
(48210, 9, 10354, 1, 1, '7.6', 13, 1),
(48211, 9, 10354, 0, 2, '11', 13, 1),
(48212, 9, 10354, 9, 3, '13', 13, 1),
(48213, 9, 10354, 0, 4, '35.3', 13, 1),
(48214, 9, 10354, 24, 5, '9', 13, 1),
(48215, 1, 10355, 1, 1, '18', 13, 1),
(48216, 1, 10355, 0, 2, '27', 13, 1),
(48217, 1, 10355, 9, 3, '31', 13, 1),
(48218, 1, 10355, 0, 4, '24', 13, 1),
(48219, 1, 10355, 21, 5, '19', 13, 1),
(48220, 1, 10355, 0, 6, '9', 13, 1),
(48221, 2, 10356, 24, 1, '6', 13, 1),
(48222, 2, 10356, 13, 2, '5', 13, 1),
(48223, 2, 10356, 0, 3, '16', 13, 1),
(48224, 2, 10356, 0, 4, '34', 13, 1),
(48225, 2, 10356, 0, 5, '8', 13, 1),
(48226, 2, 10356, 0, 6, '27', 13, 1),
(48227, 3, 10357, 24, 1, '8', 13, 1),
(48228, 3, 10357, 13, 2, '7', 13, 1),
(48229, 3, 10357, 0, 3, '5', 13, 1),
(48230, 3, 10357, 17, 4, '29', 13, 1),
(48231, 3, 10357, 0, 5, '25', 13, 1),
(48232, 3, 10357, 22, 6, '22', 13, 1),
(48233, 4, 10358, 1, 1, '29', 13, 1),
(48234, 4, 10358, 24, 2, '10', 13, 1),
(48235, 5, 10359, 0, 1, '11', 13, 1),
(48236, 5, 10359, 13, 2, '12', 13, 1),
(48237, 5, 10359, 0, 3, '16', 13, 1),
(48238, 5, 10359, 24, 4, '30', 13, 1),
(48239, 6, 10360, 1, 1, '30', 13, 1),
(48240, 6, 10360, 0, 2, '12', 13, 1),
(48241, 6, 10360, 9, 3, '17', 13, 1),
(48242, 6, 10360, 17, 4, '16', 13, 1),
(48243, 6, 10360, 21, 5, '28', 13, 1),
(48244, 6, 10360, 22, 6, '24', 13, 1),
(48245, 7, 10361, 6, 1, '24', 13, 1),
(48246, 7, 10361, 13, 2, '52.3', 13, 1),
(48247, 7, 10361, 9, 3, '20.5', 13, 1),
(48248, 7, 10361, 0, 4, '34', 13, 1),
(48249, 7, 10361, 21, 5, '30', 13, 1),
(48250, 7, 10361, 22, 6, '36', 13, 1),
(48251, 8, 10362, 1, 1, '8', 13, 1),
(48252, 8, 10362, 23, 2, '14.3', 13, 1),
(48253, 8, 10362, 9, 3, '8', 13, 1),
(48254, 8, 10362, 17, 4, '16', 13, 1),
(48255, 8, 10362, 21, 5, '31', 13, 1),
(48256, 8, 10362, 22, 6, '25', 13, 1),
(48257, 9, 10363, 0, 1, '17', 13, 1),
(48258, 9, 10363, 0, 2, '9', 13, 1),
(48259, 9, 10363, 0, 3, '19', 13, 1),
(48260, 9, 10363, 0, 4, '20', 13, 1),
(48261, 9, 10363, 21, 5, '29', 13, 1),
(48262, 9, 10363, 0, 6, '20', 13, 1),
(48263, 1, 10364, 0, 1, '9', 13, 1),
(48264, 1, 10364, 13, 2, '32', 13, 1),
(48265, 1, 10364, 0, 3, '13', 13, 1),
(48266, 1, 10364, 0, 4, '36.5', 13, 1),
(48267, 1, 10364, 21, 5, '20', 13, 1),
(48268, 1, 10364, 0, 6, '12', 13, 1),
(48269, 2, 10365, 24, 1, '32', 13, 1),
(48270, 3, 10366, 0, 1, '26', 13, 1),
(48271, 3, 10366, 23, 2, '16', 13, 1),
(48272, 3, 10366, 0, 3, '13', 13, 1),
(48273, 3, 10366, 24, 4, '7', 13, 1),
(48274, 4, 10367, 0, 1, '8', 13, 1),
(48275, 4, 10367, 23, 2, '29', 13, 1),
(48276, 4, 10367, 9, 3, '25', 13, 1),
(48277, 4, 10367, 0, 4, '50.2', 13, 1),
(48278, 4, 10367, 21, 5, '8', 13, 1),
(48279, 4, 10367, 22, 6, '23', 13, 1),
(48280, 5, 10368, 1, 1, '29.2', 13, 1),
(48281, 5, 10368, 23, 2, '425.3', 13, 1),
(48282, 5, 10368, 9, 3, '15', 13, 1),
(48283, 5, 10368, 0, 4, '25', 13, 1),
(48284, 5, 10368, 21, 5, '16', 13, 1),
(48285, 5, 10368, 22, 6, '15', 13, 1),
(48286, 6, 10369, 1, 1, '32', 13, 1),
(48287, 6, 10369, 13, 2, '32', 13, 1),
(48288, 6, 10369, 9, 3, '24', 13, 1),
(48289, 6, 10369, 0, 4, '35', 13, 1),
(48290, 6, 10369, 0, 5, '14', 13, 1),
(48291, 6, 10369, 22, 6, '18', 13, 1),
(48292, 7, 10370, 24, 1, '26', 13, 1),
(48293, 7, 10370, 0, 2, '34', 13, 1),
(48294, 7, 10370, 9, 3, '22', 13, 1),
(48295, 7, 10370, 17, 4, '15', 13, 1),
(48296, 7, 10370, 21, 5, '52.8', 13, 1),
(48297, 7, 10370, 22, 6, '23', 13, 1),
(48298, 8, 10371, 1, 1, '12', 13, 1),
(48299, 8, 10371, 23, 2, '33', 13, 1),
(48300, 8, 10371, 24, 3, '27', 13, 1),
(48301, 9, 10372, 24, 1, '12', 13, 1);

-- --------------------------------------------------------

--
-- Estructura de tabla para la tabla `customer`
--

DROP TABLE IF EXISTS `customer`;
CREATE TABLE IF NOT EXISTS `customer` (
  `id_record` int(11) NOT NULL AUTO_INCREMENT,
  `description` varchar(250) DEFAULT NULL,
  `created_on` timestamp NOT NULL DEFAULT CURRENT_TIMESTAMP,
  `active` tinyint(1) DEFAULT '1',
  PRIMARY KEY (`id_record`),
  UNIQUE KEY `customer_id_record_uindex` (`id_record`)
) ENGINE=InnoDB AUTO_INCREMENT=5 DEFAULT CHARSET=latin1;

--
-- Volcado de datos para la tabla `customer`
--

INSERT INTO `customer` (`id_record`, `description`, `created_on`, `active`) VALUES
(1, 'SPERRY', '2018-03-26 13:16:53', 1),
(2, 'SEBAGO', '2018-03-26 13:16:54', 1),
(3, 'TIMBERLAND', '2018-03-26 13:16:54', 1),
(4, 'QUVEL', '2018-03-26 13:16:54', 1);

-- --------------------------------------------------------

--
-- Estructura de tabla para la tabla `modulo`
--

DROP TABLE IF EXISTS `modulo`;
CREATE TABLE IF NOT EXISTS `modulo` (
  `id_record` int(11) NOT NULL AUTO_INCREMENT,
  `name` varchar(250) DEFAULT NULL,
  `active` tinyint(1) DEFAULT NULL,
  PRIMARY KEY (`id_record`)
) ENGINE=InnoDB AUTO_INCREMENT=10 DEFAULT CHARSET=latin1;

--
-- Volcado de datos para la tabla `modulo`
--

INSERT INTO `modulo` (`id_record`, `name`, `active`) VALUES
(1, 'Modulo 1', 1),
(2, 'Modulo 2', 1),
(3, 'Modulo 3', 1),
(4, 'Modulo 4', 1),
(5, 'Modulo 5', 1),
(6, 'Modulo 6', 1),
(7, 'Modulo 7', 1),
(8, 'Modulo 8', 1),
(9, 'Modulo 9', 1);

-- --------------------------------------------------------

--
-- Estructura de tabla para la tabla `operacion`
--

DROP TABLE IF EXISTS `operacion`;
CREATE TABLE IF NOT EXISTS `operacion` (
  `id_record` int(11) NOT NULL AUTO_INCREMENT,
  `name` varchar(250) DEFAULT NULL,
  `active` tinyint(1) DEFAULT NULL,
  PRIMARY KEY (`id_record`),
  UNIQUE KEY `operacion_id_record_uindex` (`id_record`)
) ENGINE=InnoDB AUTO_INCREMENT=7 DEFAULT CHARSET=latin1;

--
-- Volcado de datos para la tabla `operacion`
--

INSERT INTO `operacion` (`id_record`, `name`, `active`) VALUES
(1, 'Planificacion', 1),
(2, 'Cutting', 1),
(3, 'Hand Sewing', 1),
(4, 'Horno', 1),
(5, 'Bottoming', 1),
(6, 'Packing', 1);

-- --------------------------------------------------------

--
-- Estructura de tabla para la tabla `ordenes`
--

DROP TABLE IF EXISTS `ordenes`;
CREATE TABLE IF NOT EXISTS `ordenes` (
  `id_record` int(11) NOT NULL AUTO_INCREMENT,
  `style_id` int(11) DEFAULT NULL,
  `name` varchar(250) DEFAULT NULL,
  `pares` int(11) DEFAULT NULL,
  `active` tinyint(1) DEFAULT '1',
  PRIMARY KEY (`id_record`),
  UNIQUE KEY `ordenes_id_record_uindex` (`id_record`)
) ENGINE=InnoDB AUTO_INCREMENT=10373 DEFAULT CHARSET=latin1;

--
-- Volcado de datos para la tabla `ordenes`
--

INSERT INTO `ordenes` (`id_record`, `style_id`, `name`, `pares`, `active`) VALUES
(9320, 1, 'SPR0714140', 100, 1),
(9321, 1, 'SPR2703076', 100, 1),
(9322, 1, 'SPR3810537', 100, 1),
(9323, 1, 'SPR9311755', 100, 1),
(9324, 1, 'SPR3794898', 100, 1),
(9325, 1, 'SPR8052697', 100, 1),
(9326, 1, 'SPR6109521', 100, 1),
(9327, 1, 'SPR9669658', 100, 1),
(9328, 1, 'SPR7545494', 100, 1),
(9329, 1, 'SPR5678844', 100, 1),
(9330, 1, 'SPR2972742', 100, 1),
(9331, 1, 'SPR2584303', 100, 1),
(9332, 1, 'SPR6990145', 100, 1),
(9333, 1, 'SPR9694131', 100, 1),
(9334, 1, 'SPR1881016', 100, 1),
(9335, 1, 'SPR5961784', 100, 1),
(9336, 1, 'SPR1286112', 100, 1),
(9337, 1, 'SPR8049318', 100, 1),
(9338, 1, 'SPR9046591', 100, 1),
(9339, 1, 'SPR5383304', 100, 1),
(9340, 1, 'SPR5329990', 100, 1),
(9341, 1, 'SPR2564905', 100, 1),
(9342, 1, 'SPR5396188', 100, 1),
(9343, 1, 'SPR8766982', 100, 1),
(9344, 1, 'SPR1418434', 100, 1),
(9345, 1, 'SPR1786547', 100, 1),
(9346, 1, 'SPR9845255', 100, 1),
(9347, 1, 'SPR0685489', 100, 1),
(9348, 1, 'SPR7126302', 100, 1),
(9349, 1, 'SPR0992579', 100, 1),
(9350, 1, 'SPR9639807', 100, 1),
(9351, 1, 'SPR8633820', 100, 1),
(9352, 1, 'SPR7509556', 100, 1),
(9353, 1, 'SPR2392448', 100, 1),
(9354, 1, 'SPR5608809', 100, 1),
(9355, 1, 'SPR1839771', 100, 1),
(9356, 1, 'SPR6317054', 100, 1),
(9357, 1, 'SPR7563126', 100, 1),
(9358, 1, 'SPR7274671', 100, 1),
(9359, 1, 'SPR6181701', 100, 1),
(9360, 1, 'SPR5437491', 100, 1),
(9361, 1, 'SPR0137866', 100, 1),
(9362, 1, 'SPR1468489', 100, 1),
(9363, 1, 'SPR1292627', 100, 1),
(9364, 1, 'SPR4917189', 100, 1),
(9365, 1, 'SPR6077385', 100, 1),
(9366, 1, 'SPR0843541', 100, 1),
(9367, 1, 'SPR1510665', 100, 1),
(9368, 1, 'SPR2943411', 100, 1),
(9369, 1, 'SPR4000081', 100, 1),
(9370, 1, 'SPR4034088', 100, 1),
(9371, 1, 'SPR4974768', 100, 1),
(9372, 1, 'SPR3751809', 100, 1),
(9373, 1, 'SPR3699196', 100, 1),
(9374, 1, 'SPR5498621', 100, 1),
(9375, 1, 'SPR9065637', 100, 1),
(9376, 1, 'SPR3272537', 100, 1),
(9377, 1, 'SPR1157023', 100, 1),
(9378, 1, 'SPR0351510', 100, 1),
(9379, 1, 'SPR6808973', 100, 1),
(9380, 1, 'SPR0878465', 100, 1),
(9381, 1, 'SPR5987402', 100, 1),
(9382, 1, 'SPR8369135', 100, 1),
(9383, 1, 'SPR7344424', 100, 1),
(9384, 1, 'SPR5628130', 100, 1),
(9385, 1, 'SPR5575407', 100, 1),
(9386, 1, 'SPR3884308', 100, 1),
(9387, 1, 'SPR3706172', 100, 1),
(9388, 1, 'SPR0038857', 100, 1),
(9389, 1, 'SPR1036025', 100, 1),
(9390, 1, 'SPR6722487', 100, 1),
(9391, 1, 'SPR5940013', 100, 1),
(9392, 1, 'SPR1309630', 100, 1),
(9393, 1, 'SPR4748676', 100, 1),
(9394, 1, 'SPR5562152', 100, 1),
(9395, 1, 'SPR6721818', 100, 1),
(9396, 1, 'SPR6330550', 100, 1),
(9397, 1, 'SPR7344761', 100, 1),
(9398, 1, 'SPR1734222', 100, 1),
(9399, 1, 'SPR2466082', 100, 1),
(9400, 1, 'SPR8776685', 100, 1),
(9401, 8, 'SEB9689242', 100, 1),
(9402, 8, 'SEB2396036', 100, 1),
(9403, 8, 'SEB1022546', 100, 1),
(9404, 8, 'SEB5483539', 100, 1),
(9405, 8, 'SEB2879281', 100, 1),
(9406, 8, 'SEB6447073', 100, 1),
(9407, 8, 'SEB9635143', 100, 1),
(9408, 8, 'SEB5623345', 100, 1),
(9409, 8, 'SEB4547563', 100, 1),
(9410, 8, 'SEB1415063', 100, 1),
(9411, 8, 'SEB8259973', 100, 1),
(9412, 8, 'SEB5723686', 100, 1),
(9413, 8, 'SEB4921194', 100, 1),
(9414, 8, 'SEB3501956', 100, 1),
(9415, 8, 'SEB3241092', 100, 1),
(9416, 8, 'SEB9230142', 100, 1),
(9417, 8, 'SEB5249836', 100, 1),
(9418, 8, 'SEB5152497', 100, 1),
(9419, 8, 'SEB8802776', 100, 1),
(9420, 8, 'SEB5091105', 100, 1),
(9421, 8, 'SEB4340011', 100, 1),
(9422, 8, 'SEB8586884', 100, 1),
(9423, 8, 'SEB8094486', 100, 1),
(9424, 8, 'SEB0858675', 100, 1),
(9425, 8, 'SEB9548318', 100, 1),
(9426, 8, 'SEB4227453', 100, 1),
(9427, 8, 'SEB5693121', 100, 1),
(9428, 8, 'SEB7237063', 100, 1),
(9429, 8, 'SEB9666169', 100, 1),
(9430, 8, 'SEB8413102', 100, 1),
(9431, 8, 'SEB7669107', 100, 1),
(9432, 8, 'SEB1472593', 100, 1),
(9433, 8, 'SEB5268791', 100, 1),
(9434, 8, 'SEB6993844', 100, 1),
(9435, 8, 'SEB6613752', 100, 1),
(9436, 8, 'SEB2363279', 100, 1),
(9437, 8, 'SEB3080643', 100, 1),
(9438, 8, 'SEB3830675', 100, 1),
(9439, 8, 'SEB7065556', 100, 1),
(9440, 8, 'SEB1036397', 100, 1),
(9441, 8, 'SEB1971988', 100, 1),
(9442, 8, 'SEB9113345', 100, 1),
(9443, 8, 'SEB9225482', 100, 1),
(9444, 8, 'SEB1552847', 100, 1),
(9445, 8, 'SEB3236396', 100, 1),
(9446, 8, 'SEB6669998', 100, 1),
(9447, 8, 'SEB0738241', 100, 1),
(9448, 8, 'SEB9949532', 100, 1),
(9449, 8, 'SEB2262509', 100, 1),
(9450, 8, 'SEB8391562', 100, 1),
(9451, 8, 'SEB4428219', 100, 1),
(9452, 8, 'SEB6283296', 100, 1),
(9453, 8, 'SEB9679011', 100, 1),
(9454, 8, 'SEB0185324', 100, 1),
(9455, 8, 'SEB9436851', 100, 1),
(9456, 8, 'SEB7941060', 100, 1),
(9457, 8, 'SEB3361332', 100, 1),
(9458, 8, 'SEB9353080', 100, 1),
(9459, 8, 'SEB5965047', 100, 1),
(9460, 8, 'SEB8880647', 100, 1),
(9461, 8, 'SEB2176965', 100, 1),
(9462, 8, 'SEB7207037', 100, 1),
(9463, 8, 'SEB8875115', 100, 1),
(9464, 8, 'SEB4010556', 100, 1),
(9465, 8, 'SEB5890117', 100, 1),
(9466, 8, 'SEB6600273', 100, 1),
(9467, 8, 'SEB3974001', 100, 1),
(9468, 8, 'SEB2761785', 100, 1),
(9469, 8, 'SEB8755818', 100, 1),
(9470, 8, 'SEB4952098', 100, 1),
(9471, 8, 'SEB1137849', 100, 1),
(9472, 8, 'SEB0389312', 100, 1),
(9473, 8, 'SEB8446313', 100, 1),
(9474, 8, 'SEB1196792', 100, 1),
(9475, 8, 'SEB7136343', 100, 1),
(9476, 8, 'SEB0763374', 100, 1),
(9477, 8, 'SEB3452993', 100, 1),
(9478, 8, 'SEB7756162', 100, 1),
(9479, 8, 'SEB4430618', 100, 1),
(9480, 8, 'SEB3736752', 100, 1),
(9481, 8, 'SEB0613232', 100, 1),
(9482, 4, 'SPR0832561', 150, 1),
(9483, 4, 'SPR2254952', 150, 1),
(9484, 4, 'SPR4501403', 150, 1),
(9485, 4, 'SPR8996345', 150, 1),
(9486, 4, 'SPR2628474', 150, 1),
(9487, 4, 'SPR4525233', 150, 1),
(9488, 4, 'SPR9947972', 150, 1),
(9489, 4, 'SPR5230050', 150, 1),
(9490, 4, 'SPR9166437', 150, 1),
(9491, 4, 'SPR0501510', 150, 1),
(9492, 4, 'SPR5348635', 150, 1),
(9493, 4, 'SPR0240320', 150, 1),
(9494, 4, 'SPR8610393', 150, 1),
(9495, 4, 'SPR1043010', 150, 1),
(9496, 4, 'SPR6378802', 150, 1),
(9497, 4, 'SPR1939352', 150, 1),
(9498, 4, 'SPR3960084', 150, 1),
(9499, 4, 'SPR8502828', 150, 1),
(9500, 4, 'SPR8467179', 150, 1),
(9501, 4, 'SPR2412707', 150, 1),
(9502, 4, 'SPR5973547', 150, 1),
(9503, 4, 'SPR9997895', 150, 1),
(9504, 4, 'SPR3926528', 150, 1),
(9505, 4, 'SPR3556879', 150, 1),
(9506, 4, 'SPR3074657', 150, 1),
(9507, 4, 'SPR7552575', 150, 1),
(9508, 4, 'SPR7233666', 150, 1),
(9509, 4, 'SPR4865354', 150, 1),
(9510, 4, 'SPR3438390', 150, 1),
(9511, 4, 'SPR6278961', 150, 1),
(9512, 4, 'SPR0112442', 150, 1),
(9513, 4, 'SPR6212859', 150, 1),
(9514, 4, 'SPR4207096', 150, 1),
(9515, 4, 'SPR6517044', 150, 1),
(9516, 4, 'SPR6355705', 150, 1),
(9517, 4, 'SPR6703229', 150, 1),
(9518, 4, 'SPR8888455', 150, 1),
(9519, 4, 'SPR2455712', 150, 1),
(9520, 4, 'SPR9345077', 150, 1),
(9521, 4, 'SPR2489848', 150, 1),
(9522, 4, 'SPR6595125', 150, 1),
(9523, 4, 'SPR6214609', 150, 1),
(9524, 4, 'SPR0174214', 150, 1),
(9525, 4, 'SPR5084104', 150, 1),
(9526, 4, 'SPR9338121', 150, 1),
(9527, 4, 'SPR2466998', 150, 1),
(9528, 4, 'SPR6773887', 150, 1),
(9529, 4, 'SPR4460600', 150, 1),
(9530, 4, 'SPR0466311', 150, 1),
(9531, 4, 'SPR9665830', 150, 1),
(9532, 4, 'SPR0766824', 150, 1),
(9533, 4, 'SPR6176440', 150, 1),
(9534, 4, 'SPR4804123', 150, 1),
(9535, 4, 'SPR4468293', 150, 1),
(9536, 4, 'SPR0221729', 150, 1),
(9537, 4, 'SPR9167594', 150, 1),
(9538, 4, 'SPR9380209', 150, 1),
(9539, 4, 'SPR0753291', 150, 1),
(9540, 4, 'SPR2759448', 150, 1),
(9541, 4, 'SPR5656960', 150, 1),
(9542, 4, 'SPR0083106', 150, 1),
(9543, 4, 'SPR0842813', 150, 1),
(9544, 4, 'SPR1691053', 150, 1),
(9545, 4, 'SPR6998007', 150, 1),
(9546, 4, 'SPR0891287', 150, 1),
(9547, 4, 'SPR7575529', 150, 1),
(9548, 4, 'SPR9386344', 150, 1),
(9549, 4, 'SPR3911683', 150, 1),
(9550, 4, 'SPR2094056', 150, 1),
(9551, 4, 'SPR8266585', 150, 1),
(9552, 4, 'SPR0810575', 150, 1),
(9553, 4, 'SPR5362615', 150, 1),
(9554, 4, 'SPR4263034', 150, 1),
(9555, 4, 'SPR0723828', 150, 1),
(9556, 4, 'SPR1637102', 150, 1),
(9557, 4, 'SPR6220417', 150, 1),
(9558, 4, 'SPR7493125', 150, 1),
(9559, 4, 'SPR3654236', 150, 1),
(9560, 4, 'SPR3724036', 150, 1),
(9561, 4, 'SPR9244390', 150, 1),
(9562, 4, 'SPR9182720', 150, 1),
(9563, 5, 'SEB7900367', 150, 1),
(9564, 5, 'SEB8705575', 150, 1),
(9565, 5, 'SEB3072404', 150, 1),
(9566, 5, 'SEB1068999', 150, 1),
(9567, 5, 'SEB6189721', 150, 1),
(9568, 5, 'SEB0258093', 150, 1),
(9569, 5, 'SEB7187595', 150, 1),
(9570, 5, 'SEB6559696', 150, 1),
(9571, 5, 'SEB0534941', 150, 1),
(9572, 5, 'SEB0975407', 150, 1),
(9573, 5, 'SEB1526497', 150, 1),
(9574, 5, 'SEB1602302', 150, 1),
(9575, 5, 'SEB1718020', 150, 1),
(9576, 5, 'SEB8818243', 150, 1),
(9577, 5, 'SEB1427646', 150, 1),
(9578, 5, 'SEB8549515', 150, 1),
(9579, 5, 'SEB3063886', 150, 1),
(9580, 5, 'SEB5079746', 150, 1),
(9581, 5, 'SEB1842736', 150, 1),
(9582, 5, 'SEB2863241', 150, 1),
(9583, 5, 'SEB7117853', 150, 1),
(9584, 5, 'SEB9584379', 150, 1),
(9585, 5, 'SEB4649071', 150, 1),
(9586, 5, 'SEB9802619', 150, 1),
(9587, 5, 'SEB9612858', 150, 1),
(9588, 5, 'SEB9540161', 150, 1),
(9589, 5, 'SEB3755844', 150, 1),
(9590, 5, 'SEB4389626', 150, 1),
(9591, 5, 'SEB7304119', 150, 1),
(9592, 5, 'SEB0647706', 150, 1),
(9593, 5, 'SEB0709595', 150, 1),
(9594, 5, 'SEB0021520', 150, 1),
(9595, 5, 'SEB7596904', 150, 1),
(9596, 5, 'SEB5579956', 150, 1),
(9597, 5, 'SEB5169469', 150, 1),
(9598, 5, 'SEB2793865', 150, 1),
(9599, 5, 'SEB2099668', 150, 1),
(9600, 5, 'SEB3511764', 150, 1),
(9601, 5, 'SEB0803775', 150, 1),
(9602, 5, 'SEB2195385', 150, 1),
(9603, 5, 'SEB2673929', 150, 1),
(9604, 5, 'SEB5686637', 150, 1),
(9605, 5, 'SEB2980892', 150, 1),
(9606, 5, 'SEB7406734', 150, 1),
(9607, 5, 'SEB6212207', 150, 1),
(9608, 5, 'SEB1969656', 150, 1),
(9609, 5, 'SEB1098012', 150, 1),
(9610, 5, 'SEB3912897', 150, 1),
(9611, 5, 'SEB0208752', 150, 1),
(9612, 5, 'SEB9223330', 150, 1),
(9613, 5, 'SEB3062320', 150, 1),
(9614, 5, 'SEB0658963', 150, 1),
(9615, 5, 'SEB0260897', 150, 1),
(9616, 5, 'SEB4279544', 150, 1),
(9617, 5, 'SEB2878453', 150, 1),
(9618, 5, 'SEB3327986', 150, 1),
(9619, 5, 'SEB8928846', 150, 1),
(9620, 5, 'SEB4382601', 150, 1),
(9621, 5, 'SEB2804815', 150, 1),
(9622, 5, 'SEB5148149', 150, 1),
(9623, 5, 'SEB4549175', 150, 1),
(9624, 5, 'SEB2892722', 150, 1),
(9625, 5, 'SEB1994765', 150, 1),
(9626, 5, 'SEB8618768', 150, 1),
(9627, 5, 'SEB9987930', 150, 1),
(9628, 5, 'SEB7725685', 150, 1),
(9629, 5, 'SEB7101266', 150, 1),
(9630, 5, 'SEB4334235', 150, 1),
(9631, 5, 'SEB0994293', 150, 1),
(9632, 5, 'SEB5323444', 150, 1),
(9633, 5, 'SEB3758858', 150, 1),
(9634, 5, 'SEB9280834', 150, 1),
(9635, 5, 'SEB0360320', 150, 1),
(9636, 5, 'SEB1320100', 150, 1),
(9637, 5, 'SEB2250431', 150, 1),
(9638, 5, 'SEB4618281', 150, 1),
(9639, 5, 'SEB6576838', 150, 1),
(9640, 5, 'SEB2957724', 150, 1),
(9641, 5, 'SEB3439426', 150, 1),
(9642, 5, 'SEB5433712', 150, 1),
(9643, 5, 'SEB0431165', 150, 1),
(9644, 9, 'TMB8811703', 150, 1),
(9645, 9, 'TMB8094577', 150, 1),
(9646, 9, 'TMB6845365', 150, 1),
(9647, 9, 'TMB1754882', 150, 1),
(9648, 9, 'TMB2278788', 150, 1),
(9649, 9, 'TMB3280496', 150, 1),
(9650, 9, 'TMB0619186', 150, 1),
(9651, 9, 'TMB5060268', 150, 1),
(9652, 9, 'TMB4912318', 150, 1),
(9653, 9, 'TMB0227179', 150, 1),
(9654, 9, 'TMB2636379', 150, 1),
(9655, 9, 'TMB9887285', 150, 1),
(9656, 9, 'TMB2777590', 150, 1),
(9657, 9, 'TMB6034585', 150, 1),
(9658, 9, 'TMB3485804', 150, 1),
(9659, 9, 'TMB7781048', 150, 1),
(9660, 9, 'TMB2917861', 150, 1),
(9661, 9, 'TMB4272874', 150, 1),
(9662, 9, 'TMB5919967', 150, 1),
(9663, 9, 'TMB6327435', 150, 1),
(9664, 9, 'TMB1577870', 150, 1),
(9665, 9, 'TMB9041390', 150, 1),
(9666, 9, 'TMB7287391', 150, 1),
(9667, 9, 'TMB2171745', 150, 1),
(9668, 9, 'TMB5903592', 150, 1),
(9669, 9, 'TMB9895709', 150, 1),
(9670, 9, 'TMB8002006', 150, 1),
(9671, 9, 'TMB5429716', 150, 1),
(9672, 9, 'TMB2576666', 150, 1),
(9673, 9, 'TMB4521722', 150, 1),
(9674, 9, 'TMB3550631', 150, 1),
(9675, 9, 'TMB7410691', 150, 1),
(9676, 9, 'TMB1539183', 150, 1),
(9677, 9, 'TMB2686567', 150, 1),
(9678, 9, 'TMB7088579', 150, 1),
(9679, 9, 'TMB9006825', 150, 1),
(9680, 9, 'TMB4380989', 150, 1),
(9681, 9, 'TMB4901711', 150, 1),
(9682, 9, 'TMB5993221', 150, 1),
(9683, 9, 'TMB6883866', 150, 1),
(9684, 9, 'TMB9814128', 150, 1),
(9685, 9, 'TMB2462229', 150, 1),
(9686, 9, 'TMB1316342', 150, 1),
(9687, 9, 'TMB4492409', 150, 1),
(9688, 9, 'TMB9047713', 150, 1),
(9689, 9, 'TMB8594586', 150, 1),
(9690, 9, 'TMB3539514', 150, 1),
(9691, 9, 'TMB5849729', 150, 1),
(9692, 9, 'TMB8478462', 150, 1),
(9693, 9, 'TMB1298436', 150, 1),
(9694, 9, 'TMB5251340', 150, 1),
(9695, 9, 'TMB7619066', 150, 1),
(9696, 9, 'TMB9316789', 150, 1),
(9697, 9, 'TMB6108975', 150, 1),
(9698, 9, 'TMB7717219', 150, 1),
(9699, 9, 'TMB6710342', 150, 1),
(9700, 9, 'TMB4748536', 150, 1),
(9701, 9, 'TMB4145808', 150, 1),
(9702, 9, 'TMB8067916', 150, 1),
(9703, 9, 'TMB6815742', 150, 1),
(9704, 9, 'TMB1663859', 150, 1),
(9705, 9, 'TMB6133326', 150, 1),
(9706, 9, 'TMB8593122', 150, 1),
(9707, 9, 'TMB0392557', 150, 1),
(9708, 9, 'TMB9690384', 150, 1),
(9709, 9, 'TMB7327139', 150, 1),
(9710, 9, 'TMB5027163', 150, 1),
(9711, 9, 'TMB8250897', 150, 1),
(9712, 9, 'TMB8097443', 150, 1),
(9713, 9, 'TMB5477987', 150, 1),
(9714, 9, 'TMB2347651', 150, 1),
(9715, 9, 'TMB9705542', 150, 1),
(9716, 9, 'TMB2309399', 150, 1),
(9717, 9, 'TMB5213793', 150, 1),
(9718, 9, 'TMB4148347', 150, 1),
(9719, 9, 'TMB4906769', 150, 1),
(9720, 9, 'TMB0168001', 150, 1),
(9721, 9, 'TMB2014663', 150, 1),
(9722, 9, 'TMB9339348', 150, 1),
(9723, 9, 'TMB0146135', 150, 1),
(9724, 9, 'TMB6066656', 150, 1),
(9725, 11, 'TMB6535011', 150, 1),
(9726, 11, 'TMB9265832', 150, 1),
(9727, 11, 'TMB1817415', 150, 1),
(9728, 11, 'TMB1950036', 150, 1),
(9729, 11, 'TMB4285122', 150, 1),
(9730, 11, 'TMB4338331', 150, 1),
(9731, 11, 'TMB5221766', 150, 1),
(9732, 11, 'TMB2801540', 150, 1),
(9733, 11, 'TMB1368146', 150, 1),
(9734, 11, 'TMB0999437', 150, 1),
(9735, 11, 'TMB9954700', 150, 1),
(9736, 11, 'TMB4326063', 150, 1),
(9737, 11, 'TMB8729883', 150, 1),
(9738, 11, 'TMB7261857', 150, 1),
(9739, 11, 'TMB6035445', 150, 1),
(9740, 11, 'TMB4354522', 150, 1),
(9741, 11, 'TMB1643686', 150, 1),
(9742, 11, 'TMB8387283', 150, 1),
(9743, 11, 'TMB0056775', 150, 1),
(9744, 11, 'TMB6514357', 150, 1),
(9745, 11, 'TMB3464075', 150, 1),
(9746, 11, 'TMB0059243', 150, 1),
(9747, 11, 'TMB8224210', 150, 1),
(9748, 11, 'TMB8340909', 150, 1),
(9749, 11, 'TMB8295849', 150, 1),
(9750, 11, 'TMB0856610', 150, 1),
(9751, 11, 'TMB0611591', 150, 1),
(9752, 11, 'TMB6065320', 150, 1),
(9753, 11, 'TMB7505735', 150, 1),
(9754, 11, 'TMB3946343', 150, 1),
(9755, 11, 'TMB0078493', 150, 1),
(9756, 11, 'TMB5477151', 150, 1),
(9757, 11, 'TMB4431913', 150, 1),
(9758, 11, 'TMB9847605', 150, 1),
(9759, 11, 'TMB5838125', 150, 1),
(9760, 11, 'TMB1422364', 150, 1),
(9761, 11, 'TMB4270050', 150, 1),
(9762, 11, 'TMB0500514', 150, 1),
(9763, 11, 'TMB3155837', 150, 1),
(9764, 11, 'TMB0622470', 150, 1),
(9765, 11, 'TMB6021390', 150, 1),
(9766, 11, 'TMB5849092', 150, 1),
(9767, 11, 'TMB0887312', 150, 1),
(9768, 11, 'TMB4498520', 150, 1),
(9769, 11, 'TMB5083643', 150, 1),
(9770, 11, 'TMB7369390', 150, 1),
(9771, 11, 'TMB7731353', 150, 1),
(9772, 11, 'TMB4520572', 150, 1),
(9773, 11, 'TMB5553185', 150, 1),
(9774, 11, 'TMB6733161', 150, 1),
(9775, 11, 'TMB1932239', 150, 1),
(9776, 11, 'TMB8374131', 150, 1),
(9777, 11, 'TMB3756660', 150, 1),
(9778, 11, 'TMB4849444', 150, 1),
(9779, 11, 'TMB4557520', 150, 1),
(9780, 11, 'TMB4774249', 150, 1),
(9781, 11, 'TMB6389165', 150, 1),
(9782, 11, 'TMB2530605', 150, 1),
(9783, 11, 'TMB2323625', 150, 1),
(9784, 11, 'TMB4778745', 150, 1),
(9785, 11, 'TMB8558147', 150, 1),
(9786, 11, 'TMB8335925', 150, 1),
(9787, 11, 'TMB2085907', 150, 1),
(9788, 11, 'TMB1351670', 150, 1),
(9789, 11, 'TMB2839146', 150, 1),
(9790, 11, 'TMB4537634', 150, 1),
(9791, 11, 'TMB6412313', 150, 1),
(9792, 11, 'TMB1296168', 150, 1),
(9793, 11, 'TMB2629013', 150, 1),
(9794, 11, 'TMB6645824', 150, 1),
(9795, 11, 'TMB6016016', 150, 1),
(9796, 11, 'TMB3833349', 150, 1),
(9797, 11, 'TMB8251641', 150, 1),
(9798, 11, 'TMB0531391', 150, 1),
(9799, 11, 'TMB1796018', 150, 1),
(9800, 11, 'TMB8110459', 150, 1),
(9801, 11, 'TMB1602275', 150, 1),
(9802, 11, 'TMB4000803', 150, 1),
(9803, 11, 'TMB4706570', 150, 1),
(9804, 11, 'TMB0754334', 150, 1),
(9805, 11, 'TMB3544930', 150, 1),
(9806, 12, 'QV9351333', 150, 1),
(9807, 12, 'QV4017511', 150, 1),
(9808, 12, 'QV6393647', 150, 1),
(9809, 12, 'QV6173136', 150, 1),
(9810, 12, 'QV3641024', 150, 1),
(9811, 12, 'QV2718473', 150, 1),
(9812, 12, 'QV2583993', 150, 1),
(9813, 12, 'QV9425482', 150, 1),
(9814, 12, 'QV0226012', 150, 1),
(9815, 12, 'QV6854099', 150, 1),
(9816, 12, 'QV4175528', 150, 1),
(9817, 12, 'QV4241486', 150, 1),
(9818, 12, 'QV5010398', 150, 1),
(9819, 12, 'QV5411593', 150, 1),
(9820, 12, 'QV7730061', 150, 1),
(9821, 12, 'QV4103947', 150, 1),
(9822, 12, 'QV0814041', 150, 1),
(9823, 12, 'QV0693806', 150, 1),
(9824, 12, 'QV2089279', 150, 1),
(9825, 12, 'QV7063012', 150, 1),
(9826, 12, 'QV5134918', 150, 1),
(9827, 12, 'QV7497762', 150, 1),
(9828, 12, 'QV9880784', 150, 1),
(9829, 12, 'QV1815774', 150, 1),
(9830, 12, 'QV5298833', 150, 1),
(9831, 12, 'QV4759484', 150, 1),
(9832, 12, 'QV3188075', 150, 1),
(9833, 12, 'QV8490201', 150, 1),
(9834, 12, 'QV7221437', 150, 1),
(9835, 12, 'QV2875253', 150, 1),
(9836, 12, 'QV2644538', 150, 1),
(9837, 12, 'QV3995051', 150, 1),
(9838, 12, 'QV6240538', 150, 1),
(9839, 12, 'QV2234247', 150, 1),
(9840, 12, 'QV3043954', 150, 1),
(9841, 12, 'QV4763335', 150, 1),
(9842, 12, 'QV4005805', 150, 1),
(9843, 12, 'QV7851250', 150, 1),
(9844, 12, 'QV1742784', 150, 1),
(9845, 12, 'QV7944825', 150, 1),
(9846, 12, 'QV4067861', 150, 1),
(9847, 12, 'QV1112629', 150, 1),
(9848, 12, 'QV6978651', 150, 1),
(9849, 12, 'QV5746920', 150, 1),
(9850, 12, 'QV5093937', 150, 1),
(9851, 12, 'QV3700930', 150, 1),
(9852, 12, 'QV7312097', 150, 1),
(9853, 12, 'QV0645616', 150, 1),
(9854, 12, 'QV6514946', 150, 1),
(9855, 12, 'QV0314263', 150, 1),
(9856, 12, 'QV2660035', 150, 1),
(9857, 12, 'QV5174332', 150, 1),
(9858, 12, 'QV5980293', 150, 1),
(9859, 12, 'QV1006848', 150, 1),
(9860, 12, 'QV0760662', 150, 1),
(9861, 12, 'QV6562038', 150, 1),
(9862, 12, 'QV3662144', 150, 1),
(9863, 12, 'QV9427472', 150, 1),
(9864, 12, 'QV4363373', 150, 1),
(9865, 12, 'QV0739729', 150, 1),
(9866, 12, 'QV5332716', 150, 1),
(9867, 12, 'QV3244228', 150, 1),
(9868, 12, 'QV3310105', 150, 1),
(9869, 12, 'QV7130460', 150, 1),
(9870, 12, 'QV2301105', 150, 1),
(9871, 12, 'QV2562834', 150, 1),
(9872, 12, 'QV5101913', 150, 1),
(9873, 12, 'QV0083379', 150, 1),
(9874, 12, 'QV9461161', 150, 1),
(9875, 12, 'QV8707673', 150, 1),
(9876, 12, 'QV9813605', 150, 1),
(9877, 12, 'QV5168320', 150, 1),
(9878, 12, 'QV5903000', 150, 1),
(9879, 12, 'QV7998491', 150, 1),
(9880, 12, 'QV9849054', 150, 1),
(9881, 12, 'QV5700028', 150, 1),
(9882, 12, 'QV0448632', 150, 1),
(9883, 12, 'QV9224515', 150, 1),
(9884, 12, 'QV3139034', 150, 1),
(9885, 12, 'QV8407566', 150, 1),
(9886, 12, 'QV8010447', 150, 1),
(9887, 15, 'QV7193572', 150, 1),
(9888, 15, 'QV7246387', 150, 1),
(9889, 15, 'QV9945426', 150, 1),
(9890, 15, 'QV4851860', 150, 1),
(9891, 15, 'QV0898524', 150, 1),
(9892, 15, 'QV3822994', 150, 1),
(9893, 15, 'QV8029190', 150, 1),
(9894, 15, 'QV8892375', 150, 1),
(9895, 15, 'QV0518581', 150, 1),
(9896, 15, 'QV3840663', 150, 1),
(9897, 15, 'QV1335216', 150, 1),
(9898, 15, 'QV6136634', 150, 1),
(9899, 15, 'QV1056401', 150, 1),
(9900, 15, 'QV2300560', 150, 1),
(9901, 15, 'QV7251850', 150, 1),
(9902, 15, 'QV9050459', 150, 1),
(9903, 15, 'QV0131338', 150, 1),
(9904, 15, 'QV4902934', 150, 1),
(9905, 15, 'QV8571074', 150, 1),
(9906, 15, 'QV9578328', 150, 1),
(9907, 15, 'QV3168512', 150, 1),
(9908, 15, 'QV1067191', 150, 1),
(9909, 15, 'QV6857469', 150, 1),
(9910, 15, 'QV4896803', 150, 1),
(9911, 15, 'QV2516616', 150, 1),
(9912, 15, 'QV3176853', 150, 1),
(9913, 15, 'QV8100404', 150, 1),
(9914, 15, 'QV3766629', 150, 1),
(9915, 15, 'QV7083176', 150, 1),
(9916, 15, 'QV5789720', 150, 1),
(9917, 15, 'QV1280010', 150, 1),
(9918, 15, 'QV2966696', 150, 1),
(9919, 15, 'QV0728540', 150, 1),
(9920, 15, 'QV5513741', 150, 1),
(9921, 15, 'QV7118386', 150, 1),
(9922, 15, 'QV3451815', 150, 1),
(9923, 15, 'QV1730901', 150, 1),
(9924, 15, 'QV9326105', 150, 1),
(9925, 15, 'QV5275652', 150, 1),
(9926, 15, 'QV6718987', 150, 1),
(9927, 15, 'QV1574401', 150, 1),
(9928, 15, 'QV7777986', 150, 1),
(9929, 15, 'QV6515401', 150, 1),
(9930, 15, 'QV0462598', 150, 1),
(9931, 15, 'QV7518220', 150, 1),
(9932, 15, 'QV2218212', 150, 1),
(9933, 15, 'QV3105470', 150, 1),
(9934, 15, 'QV7634345', 150, 1),
(9935, 15, 'QV3055629', 150, 1),
(9936, 15, 'QV8929964', 150, 1),
(9937, 15, 'QV4463081', 150, 1),
(9938, 15, 'QV4002132', 150, 1),
(9939, 15, 'QV1109748', 150, 1),
(9940, 15, 'QV3271959', 150, 1),
(9941, 15, 'QV6248534', 150, 1),
(9942, 15, 'QV6667905', 150, 1),
(9943, 15, 'QV5416569', 150, 1),
(9944, 15, 'QV9891701', 150, 1),
(9945, 15, 'QV6265066', 150, 1),
(9946, 15, 'QV8875043', 150, 1),
(9947, 15, 'QV9052212', 150, 1),
(9948, 15, 'QV4111889', 150, 1),
(9949, 15, 'QV6291862', 150, 1),
(9950, 15, 'QV5448994', 150, 1),
(9951, 15, 'QV3908099', 150, 1),
(9952, 15, 'QV8247127', 150, 1),
(9953, 15, 'QV5477677', 150, 1),
(9954, 15, 'QV8122134', 150, 1),
(9955, 15, 'QV7296302', 150, 1),
(9956, 15, 'QV1064931', 150, 1),
(9957, 15, 'QV6271135', 150, 1),
(9958, 15, 'QV0825716', 150, 1),
(9959, 15, 'QV9033535', 150, 1),
(9960, 15, 'QV2083179', 150, 1),
(9961, 15, 'QV6881627', 150, 1),
(9962, 15, 'QV7584433', 150, 1),
(9963, 15, 'QV9251863', 150, 1),
(9964, 15, 'QV5461549', 150, 1),
(9965, 15, 'QV1395480', 150, 1),
(9966, 15, 'QV1069346', 150, 1),
(9967, 15, 'QV8115942', 150, 1),
(9968, 15, 'QV3286022', 150, 1),
(9969, 15, 'QV8747520', 150, 1),
(9970, 15, 'QV1789325', 150, 1),
(9971, 15, 'QV7632619', 150, 1),
(9972, 15, 'QV9453527', 150, 1),
(9973, 15, 'QV5864497', 150, 1),
(9974, 15, 'QV0812795', 150, 1),
(9975, 15, 'QV6131438', 150, 1),
(9976, 15, 'QV3183016', 150, 1),
(9977, 15, 'QV4600655', 150, 1),
(9978, 15, 'QV7809063', 150, 1),
(9979, 15, 'QV1017777', 150, 1),
(9980, 15, 'QV0359217', 150, 1),
(9981, 15, 'QV2838357', 150, 1),
(9982, 15, 'QV6145057', 150, 1),
(9983, 15, 'QV4323618', 150, 1),
(9984, 15, 'QV2241921', 150, 1),
(9985, 15, 'QV9224366', 150, 1),
(9986, 15, 'QV6743397', 150, 1),
(9987, 15, 'QV4971048', 150, 1),
(9988, 15, 'QV5990923', 150, 1),
(9989, 15, 'QV9487908', 150, 1),
(9990, 15, 'QV4050814', 150, 1),
(9991, 15, 'QV3729562', 150, 1),
(9992, 15, 'QV3734666', 150, 1),
(9993, 15, 'QV8088516', 150, 1),
(9994, 15, 'QV5540118', 150, 1),
(9995, 15, 'QV4949504', 150, 1),
(9996, 15, 'QV4928092', 150, 1),
(9997, 15, 'QV4330443', 150, 1),
(9998, 15, 'QV0314718', 150, 1),
(9999, 15, 'QV0789297', 150, 1),
(10000, 15, 'QV1701087', 150, 1),
(10001, 15, 'QV4426976', 150, 1),
(10002, 15, 'QV9359630', 150, 1),
(10003, 15, 'QV8974328', 150, 1),
(10004, 15, 'QV2085901', 150, 1),
(10005, 15, 'QV3019712', 150, 1),
(10006, 15, 'QV4471614', 150, 1),
(10007, 15, 'QV9397896', 150, 1),
(10008, 15, 'QV7831845', 150, 1),
(10009, 15, 'QV3792381', 150, 1),
(10010, 15, 'QV1468017', 150, 1),
(10011, 15, 'QV4478320', 150, 1),
(10012, 15, 'QV8797610', 150, 1),
(10013, 15, 'QV2154012', 150, 1),
(10014, 15, 'QV7922780', 150, 1),
(10015, 15, 'QV3827605', 150, 1),
(10016, 15, 'QV4108603', 150, 1),
(10017, 15, 'QV4506413', 150, 1),
(10018, 15, 'QV6105146', 150, 1),
(10019, 15, 'QV1813062', 150, 1),
(10020, 15, 'QV2891253', 150, 1),
(10021, 15, 'QV4820117', 150, 1),
(10022, 15, 'QV2117767', 150, 1),
(10023, 15, 'QV7253693', 150, 1),
(10024, 15, 'QV1344940', 150, 1),
(10025, 15, 'QV7174943', 150, 1),
(10026, 15, 'QV6471894', 150, 1),
(10027, 15, 'QV4383183', 150, 1),
(10028, 15, 'QV4537994', 150, 1),
(10029, 15, 'QV2142780', 150, 1),
(10030, 15, 'QV7113671', 150, 1),
(10031, 15, 'QV2498889', 150, 1),
(10032, 15, 'QV8453068', 150, 1),
(10033, 15, 'QV2417861', 150, 1),
(10034, 15, 'QV3889296', 150, 1),
(10035, 15, 'QV2926479', 150, 1),
(10036, 15, 'QV4305133', 150, 1),
(10037, 15, 'QV6842524', 150, 1),
(10038, 15, 'QV5271058', 150, 1),
(10039, 15, 'QV1095554', 150, 1),
(10040, 15, 'QV3448417', 150, 1),
(10041, 15, 'QV3072108', 150, 1),
(10042, 15, 'QV1560807', 150, 1),
(10043, 15, 'QV3220232', 150, 1),
(10044, 15, 'QV7925606', 150, 1),
(10045, 15, 'QV4981728', 150, 1),
(10046, 15, 'QV1754230', 150, 1),
(10047, 15, 'QV4900141', 150, 1),
(10048, 15, 'QV0078417', 150, 1),
(10049, 15, 'QV8275314', 150, 1),
(10050, 15, 'QV8274926', 150, 1),
(10051, 15, 'QV6047505', 150, 1),
(10052, 15, 'QV1349033', 150, 1),
(10053, 15, 'QV4141959', 150, 1),
(10054, 15, 'QV1884456', 150, 1),
(10055, 15, 'QV3078230', 150, 1),
(10056, 15, 'QV0223973', 150, 1),
(10057, 15, 'QV0336815', 150, 1),
(10058, 15, 'QV2321663', 150, 1),
(10059, 15, 'QV8379836', 150, 1),
(10060, 15, 'QV4007092', 150, 1),
(10061, 15, 'QV7940221', 150, 1),
(10062, 15, 'QV0890097', 150, 1),
(10063, 15, 'QV8948076', 150, 1),
(10064, 15, 'QV3098380', 150, 1),
(10065, 15, 'QV4622466', 150, 1),
(10066, 15, 'QV1959760', 150, 1),
(10067, 15, 'QV0412330', 150, 1),
(10068, 15, 'QV8721869', 150, 1),
(10069, 15, 'QV8514016', 150, 1),
(10070, 15, 'QV9034611', 150, 1),
(10071, 15, 'QV3672631', 150, 1),
(10072, 15, 'QV0325480', 150, 1),
(10073, 15, 'QV1487534', 150, 1),
(10074, 15, 'QV4351588', 150, 1),
(10075, 15, 'QV2221020', 150, 1),
(10076, 15, 'QV4698817', 150, 1),
(10077, 15, 'QV3490927', 150, 1),
(10078, 15, 'QV3886921', 150, 1),
(10079, 15, 'QV4664110', 150, 1),
(10080, 15, 'QV5962695', 150, 1),
(10081, 15, 'QV5769805', 150, 1),
(10082, 15, 'QV7533949', 150, 1),
(10083, 15, 'QV5062001', 150, 1),
(10084, 15, 'QV9439495', 150, 1),
(10085, 15, 'QV3155558', 150, 1),
(10086, 15, 'QV2370443', 150, 1),
(10087, 15, 'QV0325328', 150, 1),
(10088, 15, 'QV0898427', 150, 1),
(10089, 15, 'QV9984603', 150, 1),
(10090, 15, 'QV7665879', 150, 1),
(10091, 15, 'QV4171662', 150, 1),
(10092, 15, 'QV3805163', 150, 1),
(10093, 15, 'QV8411248', 150, 1),
(10094, 15, 'QV6127227', 150, 1),
(10095, 15, 'QV7055345', 150, 1),
(10096, 15, 'QV5579252', 150, 1),
(10097, 15, 'QV7131541', 150, 1),
(10098, 15, 'QV5944723', 150, 1),
(10099, 15, 'QV9549686', 150, 1),
(10100, 15, 'QV7678228', 150, 1),
(10101, 15, 'QV4812989', 150, 1),
(10102, 15, 'QV1684878', 150, 1),
(10103, 15, 'QV7525506', 150, 1),
(10104, 15, 'QV3492434', 150, 1),
(10105, 15, 'QV7398559', 150, 1),
(10106, 15, 'QV8200826', 150, 1),
(10107, 15, 'QV3279268', 150, 1),
(10108, 15, 'QV5533946', 150, 1),
(10109, 15, 'QV0491659', 150, 1),
(10110, 15, 'QV5739412', 150, 1),
(10111, 15, 'QV7941334', 150, 1),
(10112, 15, 'QV0110176', 150, 1),
(10113, 15, 'QV1740164', 150, 1),
(10114, 15, 'QV7524420', 150, 1),
(10115, 15, 'QV8354693', 150, 1),
(10116, 15, 'QV1495600', 150, 1),
(10117, 15, 'QV0730328', 150, 1),
(10118, 15, 'QV1961594', 150, 1),
(10119, 15, 'QV7618175', 150, 1),
(10120, 15, 'QV2482872', 150, 1),
(10121, 15, 'QV5375287', 150, 1),
(10122, 15, 'QV4847814', 150, 1),
(10123, 15, 'QV7869547', 150, 1),
(10124, 15, 'QV0193365', 150, 1),
(10125, 15, 'QV4670073', 150, 1),
(10126, 15, 'QV2163712', 150, 1),
(10127, 15, 'QV5622440', 150, 1),
(10128, 15, 'QV2063172', 150, 1),
(10129, 15, 'QV7161927', 150, 1),
(10130, 15, 'QV8726837', 150, 1),
(10131, 15, 'QV1826219', 150, 1),
(10132, 15, 'QV3119849', 150, 1),
(10133, 15, 'QV3672716', 150, 1),
(10134, 15, 'QV8016391', 150, 1),
(10135, 15, 'QV0604572', 150, 1),
(10136, 15, 'QV2802916', 150, 1),
(10137, 15, 'QV4207812', 150, 1),
(10138, 15, 'QV5686438', 150, 1),
(10139, 15, 'QV2564353', 150, 1),
(10140, 15, 'QV6369677', 150, 1),
(10141, 15, 'QV1770543', 150, 1),
(10142, 15, 'QV1617315', 150, 1),
(10143, 15, 'QV9446171', 150, 1),
(10144, 15, 'QV7107527', 150, 1),
(10145, 15, 'QV0850927', 150, 1),
(10146, 15, 'QV6101884', 150, 1),
(10147, 15, 'QV3012196', 150, 1),
(10148, 15, 'QV9023284', 150, 1),
(10149, 15, 'QV7713297', 150, 1),
(10150, 15, 'QV0145476', 150, 1),
(10151, 15, 'QV5491250', 150, 1),
(10152, 15, 'QV3631844', 150, 1),
(10153, 15, 'QV7837221', 150, 1),
(10154, 15, 'QV9363355', 150, 1),
(10155, 15, 'QV0022704', 150, 1),
(10156, 15, 'QV8260996', 150, 1),
(10157, 15, 'QV4355218', 150, 1),
(10158, 15, 'QV0008972', 150, 1),
(10159, 15, 'QV3282836', 150, 1),
(10160, 15, 'QV9121463', 150, 1),
(10161, 15, 'QV5482044', 150, 1),
(10162, 15, 'QV7810528', 150, 1),
(10163, 15, 'QV0774373', 150, 1),
(10164, 15, 'QV7158903', 150, 1),
(10165, 15, 'QV2696361', 150, 1),
(10166, 15, 'QV9643695', 150, 1),
(10167, 15, 'QV1608212', 150, 1),
(10168, 15, 'QV7751933', 150, 1),
(10169, 15, 'QV1486353', 150, 1),
(10170, 15, 'QV9385703', 150, 1),
(10171, 15, 'QV2991821', 150, 1),
(10172, 15, 'QV0075596', 150, 1),
(10173, 15, 'QV9516526', 150, 1),
(10174, 15, 'QV4129131', 150, 1),
(10175, 15, 'QV9199664', 150, 1),
(10176, 15, 'QV8450266', 150, 1),
(10177, 15, 'QV4314243', 150, 1),
(10178, 15, 'QV3767326', 150, 1),
(10179, 15, 'QV7248268', 150, 1),
(10180, 15, 'QV5913304', 150, 1),
(10181, 15, 'QV0476276', 150, 1),
(10182, 15, 'QV1316960', 150, 1),
(10183, 15, 'QV8829307', 150, 1),
(10184, 15, 'QV3995882', 150, 1),
(10185, 15, 'QV4123444', 150, 1),
(10186, 15, 'QV2158242', 150, 1),
(10187, 15, 'QV4418615', 150, 1),
(10188, 15, 'QV6216600', 150, 1),
(10189, 15, 'QV4349243', 150, 1),
(10190, 15, 'QV3040357', 150, 1),
(10191, 15, 'QV7678868', 150, 1),
(10192, 15, 'QV2408242', 150, 1),
(10193, 15, 'QV8724057', 150, 1),
(10194, 15, 'QV1258058', 150, 1),
(10195, 15, 'QV4883840', 150, 1),
(10196, 15, 'QV6510506', 150, 1),
(10197, 15, 'QV7258474', 150, 1),
(10198, 15, 'QV5413652', 150, 1),
(10199, 15, 'QV6898834', 150, 1),
(10200, 15, 'QV6649978', 150, 1),
(10201, 15, 'QV1282117', 150, 1),
(10202, 15, 'QV4483954', 150, 1),
(10203, 15, 'QV3770475', 150, 1),
(10204, 15, 'QV4083158', 150, 1),
(10205, 15, 'QV0388974', 150, 1),
(10206, 15, 'QV0193933', 150, 1),
(10207, 15, 'QV7827852', 150, 1),
(10208, 15, 'QV3757284', 150, 1),
(10209, 15, 'QV1365485', 150, 1),
(10210, 15, 'QV7690376', 150, 1),
(10211, 15, 'QV4587675', 150, 1),
(10212, 15, 'QV7618162', 150, 1),
(10213, 15, 'QV5113161', 150, 1),
(10214, 15, 'QV4855819', 150, 1),
(10215, 15, 'QV8225796', 150, 1),
(10216, 15, 'QV5645154', 150, 1),
(10217, 15, 'QV8745330', 150, 1),
(10218, 15, 'QV3162372', 150, 1),
(10219, 15, 'QV9543789', 150, 1),
(10220, 15, 'QV9371223', 150, 1),
(10221, 15, 'QV4270421', 150, 1),
(10222, 15, 'QV2496147', 150, 1),
(10223, 15, 'QV1942911', 150, 1),
(10224, 15, 'QV9582246', 150, 1),
(10225, 15, 'QV1175670', 150, 1),
(10226, 15, 'QV8944562', 150, 1),
(10227, 15, 'QV6630194', 150, 1),
(10228, 15, 'QV3107036', 150, 1),
(10229, 15, 'QV0627741', 150, 1),
(10230, 15, 'QV2322604', 150, 1),
(10231, 15, 'QV6609014', 150, 1),
(10232, 15, 'QV6303869', 150, 1),
(10233, 15, 'QV0341320', 150, 1),
(10234, 15, 'QV6916931', 150, 1),
(10235, 15, 'QV4025270', 150, 1),
(10236, 15, 'QV6301112', 150, 1),
(10237, 15, 'QV5829294', 150, 1),
(10238, 15, 'QV9399764', 150, 1),
(10239, 15, 'QV3727211', 150, 1),
(10240, 15, 'QV7030614', 150, 1),
(10241, 15, 'QV6492981', 150, 1),
(10242, 15, 'QV3302319', 150, 1),
(10243, 15, 'QV5221043', 150, 1),
(10244, 15, 'QV9131479', 150, 1),
(10245, 15, 'QV1076519', 150, 1),
(10246, 15, 'QV8458514', 150, 1),
(10247, 15, 'QV6168198', 150, 1),
(10248, 15, 'QV9592416', 150, 1),
(10249, 15, 'QV8575285', 150, 1),
(10250, 15, 'QV7759351', 150, 1),
(10251, 15, 'QV8834584', 150, 1),
(10252, 15, 'QV6761728', 150, 1),
(10253, 15, 'QV6747313', 150, 1),
(10254, 15, 'QV4583385', 150, 1),
(10255, 15, 'QV3098164', 150, 1),
(10256, 15, 'QV5029243', 150, 1),
(10257, 15, 'QV9658918', 150, 1),
(10258, 15, 'QV4339376', 150, 1),
(10259, 15, 'QV4921803', 150, 1),
(10260, 15, 'QV8981136', 150, 1),
(10261, 15, 'QV8487941', 150, 1),
(10262, 15, 'QV5016262', 150, 1),
(10263, 15, 'QV1292671', 150, 1),
(10264, 15, 'QV3047726', 150, 1),
(10265, 15, 'QV4130294', 150, 1),
(10266, 15, 'QV4197140', 150, 1),
(10267, 15, 'QV2262983', 150, 1),
(10268, 15, 'QV8814887', 150, 1),
(10269, 15, 'QV6962874', 150, 1),
(10270, 15, 'QV3013517', 150, 1),
(10271, 15, 'QV8820010', 150, 1),
(10272, 15, 'QV1341703', 150, 1),
(10273, 15, 'QV6754926', 150, 1),
(10274, 15, 'QV6885622', 150, 1),
(10275, 15, 'QV1979942', 150, 1),
(10276, 15, 'QV9728086', 150, 1),
(10277, 15, 'QV1826003', 150, 1),
(10278, 15, 'QV5761065', 150, 1),
(10279, 15, 'QV0998782', 150, 1),
(10280, 15, 'QV9817006', 150, 1),
(10281, 15, 'QV8519985', 150, 1),
(10282, 15, 'QV1162623', 150, 1),
(10283, 15, 'QV3801933', 150, 1),
(10284, 15, 'QV1797512', 150, 1),
(10285, 15, 'QV5658062', 150, 1),
(10286, 15, 'QV1942892', 150, 1),
(10287, 15, 'QV2889804', 150, 1),
(10288, 15, 'QV7644244', 150, 1),
(10289, 15, 'QV3687944', 150, 1),
(10290, 15, 'QV2534438', 150, 1),
(10291, 15, 'QV0079342', 150, 1),
(10292, 15, 'QV7632715', 150, 1),
(10293, 15, 'QV0910392', 150, 1),
(10294, 15, 'QV0492055', 150, 1),
(10295, 15, 'QV8709345', 150, 1),
(10296, 15, 'QV3166096', 150, 1),
(10297, 15, 'QV4222875', 150, 1),
(10298, 15, 'QV2969875', 150, 1),
(10299, 15, 'QV9171966', 150, 1),
(10300, 15, 'QV4489672', 150, 1),
(10301, 15, 'QV8907861', 150, 1),
(10302, 15, 'QV6803088', 150, 1),
(10303, 15, 'QV8221140', 150, 1),
(10304, 15, 'QV0767779', 150, 1),
(10305, 15, 'QV3208642', 150, 1),
(10306, 15, 'QV9587781', 150, 1),
(10307, 15, 'QV5134194', 150, 1),
(10308, 15, 'QV4311029', 150, 1),
(10309, 15, 'QV4933159', 150, 1),
(10310, 15, 'QV1452758', 150, 1),
(10311, 15, 'QV7893552', 150, 1),
(10312, 15, 'QV7951102', 150, 1),
(10313, 15, 'QV0458039', 150, 1),
(10314, 15, 'QV0479066', 150, 1),
(10315, 15, 'QV8704036', 150, 1),
(10316, 15, 'QV9228267', 150, 1),
(10317, 15, 'QV1277293', 150, 1),
(10318, 15, 'QV1638538', 150, 1),
(10319, 15, 'QV9585236', 150, 1),
(10320, 15, 'QV0326657', 150, 1),
(10321, 15, 'QV3077837', 150, 1),
(10322, 15, 'QV5945093', 150, 1),
(10323, 15, 'QV7688032', 150, 1),
(10324, 15, 'QV2992408', 150, 1),
(10325, 15, 'QV7513160', 150, 1),
(10326, 15, 'QV8238379', 150, 1),
(10327, 15, 'QV0666493', 150, 1),
(10328, 15, 'QV7078299', 150, 1),
(10329, 15, 'QV0857277', 150, 1),
(10330, 15, 'QV5244955', 150, 1),
(10331, 15, 'QV2602755', 150, 1),
(10332, 15, 'QV5415482', 150, 1),
(10333, 15, 'QV9974260', 150, 1),
(10334, 15, 'QV1578533', 150, 1),
(10335, 15, 'QV6826759', 150, 1),
(10336, 15, 'QV3612439', 150, 1),
(10337, 15, 'QV8191622', 150, 1),
(10338, 15, 'QV3326696', 150, 1),
(10339, 15, 'QV7992839', 150, 1),
(10340, 15, 'QV3948659', 150, 1),
(10341, 15, 'QV6568812', 150, 1),
(10342, 15, 'QV9632172', 150, 1),
(10343, 15, 'QV7334856', 150, 1),
(10344, 15, 'QV2502442', 150, 1),
(10345, 15, 'QV8181447', 150, 1),
(10346, 15, 'QV1335179', 150, 1),
(10347, 15, 'QV6298677', 150, 1),
(10348, 15, 'QV3724849', 150, 1),
(10349, 15, 'QV9028091', 150, 1),
(10350, 15, 'QV1124935', 150, 1),
(10351, 15, 'QV5669517', 150, 1),
(10352, 15, 'QV6329724', 150, 1),
(10353, 15, 'QV4990918', 150, 1),
(10354, 15, 'QV4575622', 150, 1),
(10355, 15, 'QV2898196', 150, 1),
(10356, 15, 'QV5395974', 150, 1),
(10357, 15, 'QV7334122', 150, 1),
(10358, 15, 'QV4819544', 150, 1),
(10359, 15, 'QV9000253', 150, 1),
(10360, 15, 'QV9447703', 150, 1),
(10361, 15, 'QV7982367', 150, 1),
(10362, 15, 'QV4381357', 150, 1),
(10363, 15, 'QV1813113', 150, 1),
(10364, 15, 'QV2487790', 150, 1),
(10365, 15, 'QV5882709', 150, 1),
(10366, 15, 'QV0243925', 150, 1),
(10367, 15, 'QV2283669', 150, 1),
(10368, 15, 'QV8890970', 150, 1),
(10369, 15, 'QV6096974', 150, 1),
(10370, 15, 'QV9842499', 150, 1),
(10371, 15, 'QV6997528', 150, 1),
(10372, 15, 'QV3857224', 150, 1);

-- --------------------------------------------------------

--
-- Estructura de tabla para la tabla `problema`
--

DROP TABLE IF EXISTS `problema`;
CREATE TABLE IF NOT EXISTS `problema` (
  `id_record` int(11) NOT NULL AUTO_INCREMENT,
  `id_solucion` int(11) DEFAULT NULL,
  `descripcion` varchar(250) DEFAULT NULL,
  `id_operacion` int(11) DEFAULT NULL,
  `active` tinyint(1) DEFAULT '1',
  PRIMARY KEY (`id_record`),
  UNIQUE KEY `problemas_id_record_uindex` (`id_record`)
) ENGINE=InnoDB AUTO_INCREMENT=25 DEFAULT CHARSET=latin1;

--
-- Volcado de datos para la tabla `problema`
--

INSERT INTO `problema` (`id_record`, `id_solucion`, `descripcion`, `id_operacion`, `active`) VALUES
(1, 1, 'Piel danada', 1, 1),
(6, 1, 'Pulgas', 1, 1),
(9, 2, 'Mal bordado', 3, 1),
(13, 2, 'Mal Corte', 2, 1),
(17, 3, 'Piel quemada', 4, 1),
(21, 4, 'Suela sin cemento', 5, 1),
(22, 5, 'Zapato incorrecto', 6, 1),
(23, 6, 'Falta de Piel', 2, 1),
(24, 7, 'Cancelacion del cliente', 1, 1);

-- --------------------------------------------------------

--
-- Estructura de tabla para la tabla `product`
--

DROP TABLE IF EXISTS `product`;
CREATE TABLE IF NOT EXISTS `product` (
  `id_record` int(11) NOT NULL AUTO_INCREMENT,
  `customer_id` int(11) DEFAULT NULL,
  `description` varchar(250) DEFAULT NULL,
  `created_on` timestamp NOT NULL DEFAULT CURRENT_TIMESTAMP,
  `active` tinyint(1) DEFAULT '1',
  PRIMARY KEY (`id_record`),
  UNIQUE KEY `product_id_record_uindex` (`id_record`)
) ENGINE=InnoDB AUTO_INCREMENT=13 DEFAULT CHARSET=latin1;

--
-- Volcado de datos para la tabla `product`
--

INSERT INTO `product` (`id_record`, `customer_id`, `description`, `created_on`, `active`) VALUES
(5, 1, 'BILLFISH', '2018-03-26 13:20:50', 1),
(6, 1, 'AO 2 EYES', '2018-03-26 13:20:50', 1),
(7, 2, 'SPINNAKER', '2018-03-26 13:20:50', 1),
(8, 2, 'DOCKSIDE', '2018-03-26 13:20:50', 1),
(9, 3, 'GRIB', '2018-03-26 13:20:50', 1),
(10, 3, 'HOOKSET', '2018-03-26 13:20:50', 1),
(11, 4, 'FILSON', '2018-03-26 13:20:50', 1),
(12, 4, 'BOAT SHOES', '2018-03-26 13:20:50', 1);

-- --------------------------------------------------------

--
-- Estructura de tabla para la tabla `solucion`
--

DROP TABLE IF EXISTS `solucion`;
CREATE TABLE IF NOT EXISTS `solucion` (
  `id_record` int(11) NOT NULL AUTO_INCREMENT,
  `descripcion` varchar(250) DEFAULT NULL,
  `active` tinyint(1) DEFAULT NULL,
  PRIMARY KEY (`id_record`),
  UNIQUE KEY `causa_id_record_uindex` (`id_record`)
) ENGINE=InnoDB AUTO_INCREMENT=8 DEFAULT CHARSET=latin1;

--
-- Volcado de datos para la tabla `solucion`
--

INSERT INTO `solucion` (`id_record`, `descripcion`, `active`) VALUES
(1, 'Pedir reemplazo al suplidor', 1),
(2, 'Rehacer zapato', 1),
(3, 'Calibrar bien el horno', 1),
(4, 'Validar bien la calidad', 1),
(5, 'Examinar cada caja', 1),
(6, 'Comprar mas', 1),
(7, 'llegar a un acuerdo', 1);

-- --------------------------------------------------------

--
-- Estructura de tabla para la tabla `styles`
--

DROP TABLE IF EXISTS `styles`;
CREATE TABLE IF NOT EXISTS `styles` (
  `id_record` int(11) NOT NULL AUTO_INCREMENT,
  `product_id` int(11) DEFAULT NULL,
  `description` varchar(250) DEFAULT NULL,
  `genre` varchar(50) DEFAULT NULL,
  `cost_production` decimal(18,2) DEFAULT NULL,
  `sell_cost` decimal(18,2) DEFAULT NULL,
  `created_on` timestamp NOT NULL DEFAULT CURRENT_TIMESTAMP,
  `active` tinyint(1) DEFAULT '1',
  PRIMARY KEY (`id_record`),
  UNIQUE KEY `styles_id_record_uindex` (`id_record`)
) ENGINE=InnoDB AUTO_INCREMENT=16 DEFAULT CHARSET=latin1;

--
-- Volcado de datos para la tabla `styles`
--

INSERT INTO `styles` (`id_record`, `product_id`, `description`, `genre`, `cost_production`, `sell_cost`, `created_on`, `active`) VALUES
(1, 5, 'SPBF0852', 'MEN', '10.00', '15.00', '2018-03-26 13:31:06', 1),
(2, 5, 'SPBF0853', 'WOMEN', '11.00', '16.50', '2018-03-26 13:31:06', 1),
(3, 6, 'STS13520', 'MEN', '8.00', '12.00', '2018-03-26 13:31:06', 1),
(4, 6, 'STS13530', 'WOMEN', '8.00', '12.00', '2018-03-26 13:31:06', 1),
(5, 7, 'N2070000', 'MEN', '14.00', '21.00', '2018-03-26 13:31:06', 1),
(6, 7, 'N2070100', 'WOMEN', '13.00', '19.50', '2018-03-26 13:31:06', 1),
(7, 8, 'DKB00000', 'MEN', '9.00', '13.50', '2018-03-26 13:31:06', 1),
(8, 8, 'DKB01000', 'WOMEN', '10.00', '15.00', '2018-03-26 13:31:06', 1),
(9, 9, 'A1JW1000', 'INFANT', '7.00', '12.50', '2018-03-26 13:31:06', 1),
(10, 10, 'A17XZ000', 'MEN', '13.00', '19.50', '2018-03-26 13:31:06', 1),
(11, 10, 'A18XZ000', 'WOMEN', '14.00', '21.00', '2018-03-26 13:31:06', 1),
(12, 11, 'QVFS0000', 'MEN', '5.00', '7.50', '2018-03-26 13:31:06', 1),
(13, 11, 'QVFS0100', 'WOMEN', '5.00', '7.50', '2018-03-26 13:31:06', 1),
(14, 12, 'QVBS0000', 'MEN', '7.00', '12.50', '2018-03-26 13:31:06', 1),
(15, 12, 'QVBS0100', 'WOMEN', '7.00', '12.50', '2018-03-26 13:31:06', 1);

-- --------------------------------------------------------

--
-- Estructura de tabla para la tabla `temporada`
--

DROP TABLE IF EXISTS `temporada`;
CREATE TABLE IF NOT EXISTS `temporada` (
  `id_record` int(11) NOT NULL AUTO_INCREMENT,
  `name` varchar(250) DEFAULT NULL,
  `active` tinyint(1) DEFAULT NULL,
  PRIMARY KEY (`id_record`),
  UNIQUE KEY `temporada_id_record_uindex` (`id_record`)
) ENGINE=InnoDB AUTO_INCREMENT=5 DEFAULT CHARSET=latin1;

--
-- Volcado de datos para la tabla `temporada`
--

INSERT INTO `temporada` (`id_record`, `name`, `active`) VALUES
(1, 'invierno', 1),
(2, 'primavera', 1),
(3, 'verano', 1),
(4, 'otoño', 1);

/*!40101 SET CHARACTER_SET_CLIENT=@OLD_CHARACTER_SET_CLIENT */;
/*!40101 SET CHARACTER_SET_RESULTS=@OLD_CHARACTER_SET_RESULTS */;
/*!40101 SET COLLATION_CONNECTION=@OLD_COLLATION_CONNECTION */;
